Type,Air temperature,Process temperature,Rotational speed,Torque,Tool wear
M,302.0,332.2592593,1456,47.2,54
M,297.0,322.6296296,1399,46.4,132
M,301.0,334.8518519,1357,45.6,137
L,298.9,328.1851852,1411,56.3,84
L,297.1,323.3703704,1733,28.7,50
H,298.3,324.8518519,1706,31.8,8
M,300.7,332.6296296,1263,52.3,104
H,297.6,325.2222222,1413,40.2,51
M,303.9,340.7777778,1608,40.6,79
H,297.3,323.7407407,1431,42.0,109
L,298.9,329.2962963,1466,42.5,187
L,297.9,323.7407407,1691,29.6,116
L,299.2,331.5185185,1540,36.3,175
L,298.4,323.0,1515,40.1,179
M,300.4,328.1851852,1421,47.2,0
L,298.7,328.5555556,1617,33.0,203
L,297.7,324.1111111,1249,60.4,143
L,298.9,328.9259259,1564,33.8,183
L,298.1,324.1111111,1568,32.9,10
L,304.1,340.7777778,1434,50.1,43
L,302.5,333.0,1571,34.2,201
H,299.2,324.4814815,1908,21.3,104
L,299.6,329.6666667,1468,48.0,9
H,301.0,337.0740741,1489,40.3,117
L,299.1,330.7777778,1389,61.4,64
L,302.4,329.6666667,1351,45.1,168
L,299.1,330.7777778,1532,36.6,62
L,300.6,327.4444444,1726,30.0,147
L,301.7,333.3703704,1589,37.9,75
L,296.8,319.6666667,1347,54.8,43
L,300.7,335.5925926,1486,47.3,19
L,299.6,332.6296296,1430,38.3,124
L,297.1,322.6296296,1403,54.1,179
L,300.7,331.1481481,1520,45.9,146
M,298.9,322.2592593,1372,63.6,30
L,298.7,328.1851852,1354,53.3,212
L,299.7,325.5925926,1347,55.3,139
L,300.7,327.0740741,1508,39.9,59
M,303.0,339.2962963,1648,32.1,104
M,300.4,335.2222222,1832,24.2,179
M,302.0,333.0,1406,48.8,159
L,298.3,321.8888889,1326,58.4,90
L,298.9,330.037037,1456,44.1,118
L,298.0,323.3703704,1702,26.7,203
L,302.6,334.1111111,1738,25.8,128
L,297.1,322.2592593,1347,50.8,49
L,303.8,338.9259259,1664,29.3,178
L,298.6,328.1851852,1637,34.6,207
L,301.6,333.0,1907,21.5,102
M,302.3,333.3703704,1505,36.7,78
M,298.2,325.2222222,1410,47.6,76
L,296.8,321.1481481,1709,28.4,118
M,297.2,322.6296296,1776,28.0,43
L,300.2,329.6666667,1600,31.5,23
L,301.0,331.5185185,1391,45.0,123
H,298.7,326.3333333,1402,45.3,190
M,298.1,321.1481481,1496,40.0,0
L,301.5,330.037037,1415,41.6,28
L,301.1,333.0,1711,29.1,170
M,296.8,320.7777778,1664,32.8,142
L,298.2,323.0,1477,49.9,72
M,297.4,325.2222222,1520,37.0,147
M,298.9,324.8518519,1487,39.5,30
L,299.3,325.5925926,1551,39.1,147
L,298.3,322.2592593,1663,28.4,67
M,301.0,332.6296296,1423,38.6,199
L,301.5,333.0,1434,49.6,129
M,300.5,334.8518519,1476,39.1,199
L,300.6,328.9259259,1425,49.5,174
M,301.3,331.8888889,1455,41.2,56
M,297.2,323.0,1863,26.0,110
L,298.8,324.4814815,1523,44.4,55
L,300.4,328.9259259,1769,26.1,38
L,301.6,333.0,1408,44.4,106
M,298.7,327.4444444,1424,50.4,32
L,301.5,331.5185185,1435,38.5,224
M,298.0,321.8888889,1552,36.6,190
M,302.2,334.8518519,1592,37.7,79
L,300.6,330.4074074,1494,47.3,118
M,297.5,326.7037037,1433,48.3,139
L,297.3,324.1111111,1491,40.2,112
L,300.1,334.4814815,2218,17.0,123
H,302.0,332.2592593,1679,29.0,222
L,299.2,323.0,1393,48.4,35
M,302.1,331.5185185,1364,47.8,213
M,300.0,325.962963,1635,32.4,4
L,301.4,331.8888889,1431,44.3,21
L,300.8,330.037037,1537,33.3,52
H,299.7,325.962963,1572,32.8,142
M,296.8,321.1481481,1843,25.2,116
H,298.0,320.4074074,1547,36.8,186
L,301.0,332.2592593,1679,29.8,64
L,295.7,314.4814815,1343,54.4,119
M,299.3,331.5185185,1374,48.9,222
L,300.8,327.8148148,1373,45.4,179
L,298.6,327.8148148,1627,33.4,99
L,300.4,334.4814815,1492,44.6,149
L,300.4,330.7777778,2424,14.5,12
L,301.3,330.7777778,1365,47.7,70
L,300.0,327.4444444,1694,28.7,94
L,301.4,330.037037,2203,16.6,169
L,302.4,332.2592593,1469,39.6,86
M,297.3,323.7407407,1584,29.4,141
M,304.2,342.2592593,1424,43.7,151
L,298.9,328.9259259,1719,27.3,58
L,297.4,325.962963,1620,33.2,28
L,302.1,333.3703704,1454,46.8,0
L,301.9,332.2592593,1486,40.3,6
L,297.2,323.3703704,1550,41.5,125
M,298.0,324.8518519,1339,51.4,68
L,300.2,334.8518519,1999,21.0,19
L,296.9,321.5185185,1546,31.1,11
H,303.5,339.2962963,1404,55.8,84
L,297.2,323.3703704,1494,39.6,181
L,302.1,334.4814815,1987,20.1,21
L,300.6,331.8888889,1378,51.2,119
L,302.6,337.8148148,1398,41.6,40
H,298.7,327.8148148,1697,29.8,74
L,296.7,321.5185185,1451,50.7,197
M,300.5,335.962963,1370,44.8,20
L,301.3,333.0,1560,35.3,55
M,300.9,332.6296296,1567,34.3,130
L,303.7,338.9259259,1395,53.9,123
H,301.0,332.2592593,1495,37.3,21
M,303.6,338.9259259,2174,17.6,37
M,297.5,325.5925926,1540,38.5,176
M,297.6,323.0,1569,38.3,93
L,302.3,335.2222222,2170,18.2,91
L,298.0,323.3703704,1713,25.3,124
L,302.7,337.8148148,1477,46.3,251
H,297.1,321.5185185,1559,38.8,229
L,300.3,325.962963,1649,32.4,50
L,300.2,327.8148148,1448,36.8,14
L,298.3,326.7037037,1356,45.4,96
L,301.8,331.5185185,1597,30.8,74
L,299.0,329.6666667,1516,35.3,102
M,302.2,333.7407407,1510,37.1,10
M,299.2,323.0,1330,51.2,56
M,300.2,327.0740741,1500,45.7,89
L,301.6,331.5185185,1683,29.7,131
L,299.9,330.4074074,1419,45.7,178
L,298.6,325.2222222,1469,46.0,4
L,300.9,332.6296296,2235,15.8,156
L,301.9,331.8888889,1400,58.2,79
M,298.2,322.6296296,1448,43.3,199
L,298.2,324.8518519,1367,45.0,85
M,298.6,325.5925926,1587,37.3,203
L,300.5,328.5555556,1480,40.0,148
L,300.8,329.6666667,1850,22.8,33
L,298.1,323.7407407,1558,42.4,14
L,297.1,321.8888889,1446,36.6,227
H,302.3,335.5925926,1475,42.8,38
L,301.1,331.1481481,1611,35.2,70
L,300.4,330.7777778,1578,32.8,26
M,297.3,323.3703704,1710,27.7,138
L,302.5,330.7777778,1520,41.2,154
M,302.2,331.5185185,1601,33.0,166
L,297.2,323.7407407,1636,31.3,192
L,297.1,320.7777778,1636,30.3,90
M,296.2,318.5555556,1552,34.8,8
L,300.3,334.1111111,1318,52.7,13
L,299.8,325.962963,1400,42.6,210
H,298.6,327.0740741,1420,50.4,82
L,301.9,331.8888889,1906,21.7,62
L,302.1,331.8888889,1565,35.3,6
L,302.4,333.0,1905,20.9,77
M,298.6,328.1851852,1419,44.9,115
L,296.9,320.7777778,1285,52.1,100
L,298.3,323.3703704,1664,31.6,144
L,296.8,321.1481481,1337,56.5,5
H,302.2,333.3703704,1692,28.2,122
L,298.7,328.5555556,1404,47.1,64
L,298.2,320.037037,1511,31.0,209
L,300.5,327.8148148,1580,42.8,196
L,302.8,331.1481481,1404,43.2,203
M,302.0,331.8888889,1609,35.2,4
L,299.2,323.3703704,1457,44.7,195
M,299.2,323.3703704,1742,28.9,150
H,302.9,332.6296296,1469,48.7,130
L,297.8,323.3703704,1448,40.0,192
L,297.2,323.7407407,1335,53.0,39
H,297.5,323.7407407,1536,38.7,7
M,303.6,338.1851852,1607,33.7,14
L,296.8,321.1481481,1698,30.8,48
H,301.2,328.1851852,1709,27.0,151
L,300.8,337.8148148,1365,44.5,129
L,299.7,327.4444444,1553,36.8,174
M,298.1,319.2962963,1335,56.2,190
L,297.2,321.1481481,1540,37.1,164
M,300.3,330.4074074,1293,49.7,37
H,298.3,325.2222222,1470,38.4,10
L,300.1,326.7037037,1453,47.6,28
M,299.9,325.5925926,1345,56.8,10
L,301.3,332.6296296,1539,36.9,206
L,299.4,323.7407407,1492,40.5,181
L,298.4,326.3333333,1395,47.6,24
L,302.3,334.4814815,1387,47.3,2
L,300.9,332.2592593,1497,43.2,62
L,298.8,323.3703704,1736,29.0,31
L,297.8,320.037037,1607,30.3,62
M,300.0,327.0740741,1879,22.4,79
L,297.5,324.8518519,1738,24.0,195
H,297.6,324.4814815,1385,44.4,181
M,302.2,333.0,1516,33.7,158
L,303.8,340.037037,1633,32.9,207
L,300.6,331.5185185,1397,53.7,80
L,297.3,322.6296296,1268,60.6,119
L,297.6,323.7407407,1529,45.3,15
M,300.2,332.6296296,2370,14.7,144
L,302.4,329.2962963,1645,31.6,93
L,303.7,337.8148148,1702,31.2,144
M,299.8,326.3333333,1640,31.1,211
L,299.7,333.0,1574,36.4,135
L,297.5,326.7037037,1650,34.6,142
M,301.5,328.9259259,1417,44.6,49
M,298.1,321.8888889,1456,43.7,80
L,299.5,329.2962963,1585,35.2,50
L,301.0,331.1481481,1493,37.8,206
M,301.7,331.5185185,1659,29.9,73
L,297.3,323.0,1469,46.7,65
M,302.2,329.2962963,1421,45.4,9
M,303.6,339.2962963,1689,33.1,16
H,298.5,327.4444444,1579,33.5,91
L,300.6,329.6666667,1318,51.0,8
M,302.1,331.1481481,1517,38.9,2
L,297.1,322.2592593,2267,15.7,181
L,299.4,323.7407407,1415,56.4,175
L,301.0,331.5185185,1300,57.2,174
H,297.9,323.3703704,1383,44.6,184
L,301.9,331.8888889,1427,47.7,92
L,299.4,326.3333333,1391,46.6,185
H,299.3,330.4074074,1510,45.5,27
L,300.0,334.4814815,1445,41.6,81
L,298.2,325.5925926,1568,36.3,166
H,300.9,335.962963,2140,16.5,43
L,299.6,332.2592593,1472,40.9,137
M,298.5,327.4444444,1502,39.4,84
L,300.6,328.9259259,1455,40.4,172
L,299.1,331.1481481,1577,37.1,44
L,302.5,330.037037,1688,31.6,66
L,298.9,328.9259259,1378,49.3,18
M,298.5,326.3333333,1761,27.2,49
L,297.5,322.2592593,1489,40.7,141
M,297.7,325.2222222,1531,42.4,38
H,297.4,322.2592593,1359,46.9,199
L,301.7,331.1481481,1660,28.7,66
L,301.0,335.962963,1889,23.5,198
L,302.3,329.2962963,1353,50.9,36
L,298.3,325.5925926,1616,31.1,195
M,299.2,325.5925926,1503,34.7,6
M,297.5,321.5185185,1560,39.0,141
L,299.6,325.962963,1422,39.8,219
M,300.5,334.1111111,1743,27.6,46
M,297.2,321.1481481,1632,37.5,156
L,300.1,326.3333333,1340,56.0,130
M,298.0,323.3703704,1682,33.0,58
H,297.6,327.4444444,1419,48.2,215
L,300.7,332.2592593,1650,29.4,102
L,300.8,335.962963,1498,39.3,23
L,303.0,333.3703704,1382,50.5,203
M,301.9,331.5185185,1511,37.6,70
H,297.9,320.4074074,1464,43.2,97
M,301.4,331.1481481,1459,46.9,27
L,298.4,322.6296296,1422,42.7,186
M,300.0,326.3333333,1413,40.7,117
M,300.5,327.0740741,1320,49.9,59
M,300.3,333.7407407,1377,53.8,125
L,300.6,328.9259259,1438,53.8,103
L,297.9,320.7777778,1499,37.5,78
L,298.8,327.4444444,1442,50.0,104
L,295.6,314.1111111,1569,40.4,174
M,297.7,325.962963,1732,28.8,152
L,300.3,334.4814815,1695,25.6,43
M,300.2,334.8518519,1510,47.5,146
L,298.8,328.9259259,1412,46.3,107
L,298.6,326.7037037,1315,55.5,28
M,297.7,318.9259259,1365,49.2,36
L,297.4,322.2592593,1639,33.8,39
M,302.5,334.4814815,1481,41.1,215
L,300.0,327.4444444,1452,46.0,51
M,296.6,319.6666667,1734,27.0,50
M,302.6,337.4444444,1454,54.8,253
L,298.2,324.4814815,1302,60.4,34
L,295.8,315.962963,1568,35.1,111
L,297.4,323.0,1369,50.6,220
H,301.2,331.1481481,1352,52.0,69
L,300.8,335.5925926,1928,21.8,209
M,300.8,331.5185185,1924,22.4,36
H,301.7,329.6666667,1620,30.8,42
L,302.0,332.6296296,1420,45.9,144
L,300.4,335.2222222,1513,40.0,51
H,300.6,335.2222222,1535,33.3,92
M,297.2,322.6296296,1326,57.2,100
L,299.0,323.3703704,1559,38.1,194
M,302.4,335.5925926,1557,31.5,49
M,297.1,321.5185185,1690,25.6,159
L,299.3,323.3703704,1589,32.7,74
L,298.8,324.8518519,1527,32.4,189
M,297.5,323.3703704,1484,44.7,40
L,298.3,321.8888889,1840,21.5,88
M,301.1,328.9259259,1433,48.1,14
L,302.1,333.3703704,1460,46.9,198
H,300.8,328.5555556,2041,19.2,194
H,300.8,335.962963,1431,48.5,25
L,300.7,330.4074074,1366,52.6,205
L,302.0,333.3703704,1434,44.9,15
M,299.8,328.9259259,1632,33.7,172
L,299.8,333.7407407,1727,30.0,24
M,301.1,333.7407407,1836,22.8,31
L,297.5,324.8518519,1390,47.4,187
M,300.4,326.7037037,1362,42.1,182
M,301.7,332.6296296,1311,46.8,136
L,298.2,322.6296296,1402,51.0,141
L,299.4,323.3703704,1845,22.9,76
M,300.8,330.4074074,1518,36.0,59
M,296.9,321.1481481,1385,44.8,144
L,300.3,328.5555556,1393,56.1,12
L,298.1,325.2222222,1437,36.2,95
L,300.2,334.1111111,1495,43.6,95
L,298.9,328.5555556,1590,31.3,98
L,301.8,331.5185185,1644,33.4,68
M,300.3,327.4444444,1419,42.5,137
L,298.2,322.6296296,2051,19.2,90
L,297.5,327.4444444,1312,50.7,0
L,300.0,325.962963,1566,34.4,18
L,303.6,338.5555556,1502,39.5,103
M,300.5,326.7037037,1655,32.1,37
H,302.5,336.3333333,1357,42.0,179
M,302.4,334.1111111,1675,29.6,128
L,297.4,323.3703704,1692,34.3,83
M,299.8,326.3333333,1663,35.2,208
L,299.0,323.7407407,1329,60.5,120
M,301.9,331.5185185,1472,47.0,73
L,300.1,325.5925926,1551,33.7,214
L,298.2,324.8518519,1336,45.0,66
M,298.6,325.962963,1311,46.6,44
M,299.6,326.3333333,1553,32.4,112
M,298.1,324.8518519,1417,39.2,65
L,298.6,325.2222222,1456,47.7,0
M,299.5,329.2962963,1359,61.1,67
L,301.0,334.8518519,1461,40.6,154
L,300.4,328.5555556,1376,43.5,74
M,302.2,334.1111111,1432,45.3,33
M,301.4,331.1481481,1459,35.0,87
L,299.4,326.3333333,1366,48.4,116
L,298.7,328.1851852,1546,40.9,109
M,298.8,327.8148148,1480,38.1,157
L,298.3,321.8888889,1505,46.1,80
M,302.5,334.1111111,1629,31.7,225
L,298.0,324.8518519,1406,40.9,77
L,297.8,325.962963,1400,56.9,34
L,297.4,323.3703704,1389,39.2,54
M,302.0,333.7407407,1725,27.7,23
L,299.2,323.0,1436,41.8,28
L,298.2,320.037037,1369,54.5,82
M,298.3,327.4444444,1681,27.1,194
L,300.7,333.0,1427,50.3,137
L,301.4,331.8888889,1698,29.6,99
L,296.9,320.4074074,1653,35.9,177
M,295.6,314.4814815,1651,28.1,110
M,298.5,323.7407407,1897,20.2,50
H,297.9,321.1481481,1406,58.5,93
L,301.2,331.1481481,1811,24.0,84
L,301.0,337.0740741,1510,39.9,61
M,298.2,324.4814815,1645,28.2,58
M,297.9,324.1111111,1751,26.6,111
M,300.0,334.1111111,1533,42.6,180
L,301.6,328.1851852,1588,33.9,89
M,302.3,332.2592593,1627,32.3,0
M,300.3,335.2222222,1551,36.4,84
M,295.6,314.4814815,1418,46.2,24
L,300.6,335.5925926,1652,27.2,52
L,300.0,327.4444444,1431,47.7,39
M,297.4,324.8518519,1500,46.3,137
M,297.8,321.1481481,1726,27.3,35
L,299.8,333.3703704,2142,16.6,144
M,300.9,328.9259259,1416,46.6,201
H,297.3,323.0,1864,23.1,90
L,298.5,322.2592593,1444,40.5,170
H,297.5,323.7407407,1355,58.9,138
L,297.4,323.0,1341,52.2,49
M,301.1,337.8148148,1809,25.1,126
M,299.3,323.3703704,1404,49.4,93
L,299.9,328.9259259,1447,45.9,162
H,297.5,324.8518519,1471,37.7,197
L,297.6,323.7407407,1664,30.1,81
L,300.0,334.4814815,1749,28.3,83
L,298.3,321.8888889,1528,33.9,82
L,297.9,325.2222222,1562,35.8,40
L,298.5,324.4814815,1332,59.1,115
H,297.4,324.1111111,1522,46.3,146
L,300.1,326.3333333,1616,32.0,199
L,299.8,326.7037037,1460,37.4,25
L,296.4,319.6666667,1331,47.8,99
L,299.3,324.4814815,1647,32.9,172
L,300.2,334.8518519,1511,35.7,160
L,299.0,325.5925926,1523,38.6,177
M,298.7,328.1851852,1435,48.8,71
M,296.0,316.3333333,1628,36.8,121
L,297.8,318.5555556,1351,56.3,174
M,301.3,331.8888889,1494,35.3,54
L,301.5,330.7777778,1611,33.8,144
H,299.3,325.2222222,1732,29.7,141
L,304.2,341.5185185,1644,31.7,23
L,299.7,325.5925926,1483,41.1,208
M,303.6,337.4444444,1630,32.4,223
L,300.5,328.9259259,1451,48.6,208
L,298.6,329.6666667,1569,36.3,10
M,298.7,327.4444444,1254,57.1,124
M,298.8,327.4444444,1575,34.4,149
M,298.5,326.3333333,1552,36.8,133
L,301.9,330.4074074,1603,37.6,69
L,300.0,325.5925926,1401,44.5,0
M,301.9,331.8888889,1563,39.2,39
L,297.2,321.1481481,1309,49.6,167
L,295.7,315.2222222,1490,34.3,97
M,298.4,327.0740741,1514,38.8,128
L,299.9,330.7777778,1539,32.8,213
H,302.9,337.4444444,1509,46.8,175
L,302.3,333.7407407,1439,41.8,96
L,297.5,323.7407407,1536,39.0,202
L,297.8,322.6296296,1477,44.8,170
M,296.9,320.7777778,1426,50.7,130
L,298.3,323.0,1490,41.7,170
M,302.9,338.1851852,1903,21.2,23
L,300.7,328.5555556,1383,44.5,176
M,301.4,333.3703704,1727,26.5,43
M,300.4,327.4444444,1563,34.0,6
H,301.9,332.2592593,1590,34.3,106
L,297.4,323.0,1474,43.6,4
M,298.2,325.2222222,1353,50.3,150
L,302.2,333.0,1351,48.6,110
H,301.9,330.7777778,1472,39.7,187
L,299.8,325.962963,1439,36.1,203
M,298.0,320.037037,1472,46.7,116
M,298.8,324.1111111,1543,38.2,44
L,299.0,330.4074074,1339,49.6,94
L,302.7,337.0740741,1376,52.8,164
M,301.9,330.7777778,1590,40.3,130
L,302.3,331.8888889,1465,43.8,7
L,297.9,320.037037,1747,25.3,136
L,295.5,314.4814815,1573,35.1,129
L,297.4,323.0,1421,46.0,124
L,301.2,332.2592593,1413,50.1,141
M,299.0,331.1481481,1587,34.2,141
M,303.5,339.6666667,1572,44.7,84
M,300.2,327.8148148,1408,44.0,144
M,302.2,334.4814815,1479,39.5,36
L,301.4,331.8888889,1610,34.6,187
H,297.5,322.6296296,1674,30.0,54
M,301.7,333.0,1618,36.7,115
L,300.4,335.5925926,1433,42.2,14
L,299.8,327.4444444,1526,41.7,85
L,300.3,330.037037,1629,34.1,52
L,299.4,325.962963,1621,34.5,48
L,302.1,329.2962963,1447,46.6,169
M,299.7,332.6296296,1506,42.7,85
L,298.0,320.4074074,1492,38.7,202
L,298.2,322.6296296,1458,41.8,132
L,303.8,340.4074074,1523,39.8,150
L,298.9,329.6666667,1445,40.0,129
M,298.9,323.0,1827,26.1,5
M,301.8,329.6666667,1437,42.3,0
L,299.1,323.0,1693,31.6,65
L,298.8,324.8518519,1455,41.3,208
L,302.6,330.4074074,1365,66.8,80
L,300.1,327.0740741,1353,50.9,34
L,301.8,333.0,1495,36.9,197
M,297.6,322.6296296,1648,29.1,134
L,301.9,327.8148148,1719,31.9,0
L,303.3,338.9259259,1643,30.7,142
L,303.3,334.8518519,1484,44.6,223
M,299.0,330.037037,1662,33.6,67
L,297.4,322.6296296,1854,21.8,24
H,298.9,330.7777778,1429,39.9,19
M,301.9,332.2592593,1456,43.6,45
L,301.0,331.5185185,1464,45.8,184
L,299.2,324.1111111,1514,41.9,196
M,297.2,323.7407407,1444,41.1,56
L,299.2,325.5925926,1468,45.6,2
L,300.4,327.4444444,1543,38.1,209
H,302.4,333.0,1578,32.3,196
L,301.3,330.7777778,1390,45.8,63
L,302.4,335.5925926,1448,43.4,141
L,297.3,321.5185185,1518,36.0,59
M,298.2,325.2222222,1508,40.5,192
M,297.7,322.6296296,1547,36.8,74
M,300.3,335.5925926,1483,45.1,181
L,299.5,325.5925926,1336,42.1,217
H,300.8,326.7037037,1474,40.7,104
L,300.4,328.1851852,1342,52.5,68
M,298.7,329.2962963,1644,34.1,46
L,301.3,333.0,1504,39.1,2
M,295.7,315.2222222,1712,28.5,43
H,300.4,331.5185185,1656,36.3,127
H,303.7,338.1851852,1520,35.6,154
L,300.1,325.5925926,1353,58.7,86
L,298.2,324.8518519,1709,28.1,81
M,298.1,320.7777778,1503,44.7,54
L,303.6,338.1851852,1431,49.0,162
M,300.7,335.962963,1366,55.1,36
L,303.7,337.4444444,1384,45.9,121
L,300.7,331.8888889,1496,46.4,90
L,298.7,329.2962963,1433,54.6,66
L,300.9,336.3333333,1441,43.8,210
L,298.9,329.2962963,1577,41.4,80
L,296.1,318.1851852,1898,22.7,20
M,297.7,326.7037037,1461,43.7,142
M,298.8,329.6666667,1581,37.5,75
L,303.3,335.2222222,1508,35.5,217
M,297.3,320.7777778,1538,48.0,171
L,297.5,324.4814815,1312,50.3,159
L,300.4,327.0740741,1543,38.9,37
L,297.9,325.5925926,1507,36.9,13
L,301.6,333.3703704,1408,42.9,89
L,301.3,328.9259259,1438,40.9,7
L,302.6,332.6296296,1610,39.2,152
H,300.5,334.1111111,1679,27.5,59
M,298.1,323.3703704,1382,54.5,17
L,301.5,331.1481481,1587,33.7,122
L,302.2,333.7407407,1382,46.4,94
L,302.5,335.962963,1452,47.4,77
M,298.1,322.6296296,1453,41.5,204
L,300.5,327.8148148,1395,61.0,157
L,303.7,339.2962963,1437,51.3,42
L,297.2,321.1481481,1493,38.4,146
M,301.9,332.2592593,1421,46.2,26
L,301.7,332.6296296,1585,35.9,185
L,298.9,328.1851852,1534,42.1,23
H,300.5,331.8888889,1631,30.5,132
L,297.3,323.7407407,1505,33.5,14
M,298.9,329.2962963,1484,40.4,61
L,299.8,333.0,1820,24.9,174
H,299.6,325.962963,1597,36.3,35
M,297.8,320.7777778,1622,32.1,18
L,298.8,323.0,1484,39.2,8
M,301.0,336.7037037,1664,28.4,168
L,298.3,328.9259259,1442,43.9,110
L,302.7,337.0740741,1405,51.4,157
H,300.7,329.6666667,1364,65.3,208
L,301.1,329.6666667,1657,34.1,52
L,300.9,334.1111111,2073,21.4,105
L,303.6,338.5555556,1606,33.6,184
L,300.7,330.037037,1662,34.4,57
L,298.6,323.0,1310,59.7,40
L,303.6,338.9259259,1429,47.7,198
L,300.4,327.8148148,1384,45.1,159
L,302.2,334.1111111,2080,19.2,31
M,297.9,324.4814815,1538,37.6,54
M,298.4,322.2592593,1463,37.6,188
L,297.7,324.8518519,1575,39.9,12
L,303.5,339.2962963,1877,22.3,96
L,299.6,325.962963,1572,33.4,20
H,302.0,328.5555556,1606,34.5,156
M,297.6,321.8888889,1379,57.4,122
H,300.7,333.7407407,1374,53.1,66
H,298.0,324.1111111,1536,39.6,99
H,304.0,340.7777778,1517,43.1,96
L,303.4,335.2222222,1476,42.3,180
M,301.2,337.8148148,1428,36.6,99
L,301.9,331.1481481,1467,39.3,32
L,301.4,331.1481481,1347,53.3,104
L,298.0,325.962963,1527,39.5,85
L,298.6,327.4444444,1533,40.7,106
L,298.4,324.4814815,1458,40.1,111
L,302.2,334.1111111,1499,37.7,55
H,297.7,322.6296296,1488,41.0,101
L,300.8,331.8888889,1407,45.1,51
M,298.1,320.037037,2066,19.2,150
L,300.0,327.4444444,1738,28.7,51
H,303.3,334.1111111,1692,27.9,55
H,296.7,319.6666667,1607,33.6,38
M,302.7,335.2222222,1784,25.1,177
L,300.4,327.8148148,1584,32.6,71
L,302.3,333.7407407,1614,34.1,129
M,297.3,323.0,1686,34.5,97
L,297.9,325.2222222,1379,47.3,28
L,297.0,321.1481481,1350,47.7,168
L,298.8,325.5925926,1350,52.5,111
L,298.2,320.037037,1492,37.2,178
L,298.6,327.4444444,1390,50.3,196
M,302.1,332.2592593,1916,23.1,51
L,300.6,332.6296296,1563,40.7,87
H,302.4,332.2592593,1444,40.7,174
M,297.9,325.2222222,2456,13.9,82
M,298.6,325.2222222,1481,40.8,6
L,302.0,328.1851852,1456,58.1,145
L,300.2,328.9259259,1493,47.3,172
M,297.3,324.4814815,1586,32.7,131
L,297.4,323.7407407,1439,46.4,114
L,297.9,328.5555556,1472,45.0,183
L,297.4,323.7407407,1609,36.2,116
L,300.6,327.0740741,1471,49.6,29
M,299.1,323.0,1332,51.7,71
L,300.4,331.8888889,1348,56.0,146
L,299.6,329.6666667,1473,42.7,81
L,300.8,333.7407407,1505,45.5,141
L,303.8,338.9259259,1414,41.7,190
L,300.6,328.9259259,1313,52.9,93
L,301.0,336.7037037,1675,30.7,200
M,300.2,334.1111111,1450,38.5,68
L,303.1,338.1851852,1453,49.1,140
L,299.0,329.2962963,1505,41.3,85
M,300.8,330.4074074,1450,39.4,62
M,297.7,327.4444444,1596,35.2,173
M,300.4,328.1851852,1356,44.4,136
L,298.4,329.2962963,1455,42.2,94
L,299.7,332.2592593,1491,40.1,195
L,298.9,328.5555556,1404,39.8,62
L,300.7,333.0,2377,14.3,135
M,302.1,333.7407407,1511,45.0,204
M,297.9,327.4444444,1515,38.8,124
M,300.4,330.7777778,1644,31.4,41
L,300.0,328.1851852,1474,40.6,78
M,300.1,325.5925926,1533,38.0,26
L,303.5,336.3333333,1366,54.5,30
L,301.8,331.8888889,1557,33.3,190
L,299.7,330.037037,1505,37.7,4
L,303.7,340.037037,1694,28.0,44
L,300.3,335.5925926,1551,37.2,9
L,302.1,331.8888889,1772,27.1,233
L,301.9,331.1481481,1331,68.6,85
L,301.0,332.6296296,1437,56.0,33
M,297.5,324.8518519,1535,37.7,12
L,297.5,323.3703704,1373,39.9,110
L,301.5,333.0,1731,27.9,101
M,302.8,337.4444444,1262,70.5,234
L,297.5,323.0,1528,39.9,160
L,301.4,331.8888889,1362,53.2,4
L,302.5,332.2592593,1330,56.9,97
L,298.0,327.4444444,1633,34.8,41
M,300.7,329.2962963,1483,40.2,162
H,303.8,339.6666667,1378,45.6,184
H,299.1,330.4074074,1369,54.5,104
L,300.3,328.5555556,1540,39.9,203
L,303.9,338.9259259,1528,38.4,177
M,300.5,327.8148148,1341,50.9,137
M,299.3,332.2592593,1826,25.1,2
L,298.3,321.5185185,1486,42.3,86
L,299.1,329.6666667,1695,29.6,8
M,300.3,326.7037037,1612,33.1,150
L,302.4,335.5925926,1384,50.9,99
L,298.1,327.0740741,1467,41.8,48
L,300.6,336.3333333,1566,30.1,128
H,300.5,335.2222222,1454,50.3,175
L,296.8,320.037037,1304,48.7,142
M,297.3,322.6296296,1595,32.2,29
L,299.2,330.037037,1429,40.1,23
L,303.6,339.6666667,1588,31.9,53
L,303.9,340.7777778,1481,40.0,100
H,298.9,329.6666667,1532,37.7,166
L,297.4,323.3703704,1295,52.1,130
L,302.2,331.8888889,1383,46.9,45
M,301.9,332.2592593,1763,28.4,103
M,297.7,325.2222222,1504,40.4,35
L,298.6,326.3333333,1702,27.6,143
L,297.8,323.0,1518,32.5,190
L,300.5,331.1481481,1499,45.2,8
M,301.4,331.1481481,1565,36.1,110
L,297.5,323.7407407,1452,39.0,72
L,301.9,330.4074074,1610,34.8,71
M,299.9,333.3703704,1579,35.5,162
L,297.6,325.5925926,1449,49.1,174
M,303.6,339.2962963,2659,11.4,26
H,298.9,331.1481481,1519,38.8,213
L,300.6,335.2222222,1734,29.9,72
L,297.2,321.5185185,1869,25.4,163
M,300.5,329.6666667,1571,34.6,228
L,298.4,325.5925926,1467,42.5,139
M,300.7,331.1481481,2006,19.1,102
L,299.8,329.6666667,1911,23.5,166
L,298.4,322.2592593,1850,27.0,194
M,299.6,329.6666667,1620,30.0,70
L,302.4,330.4074074,1521,38.5,142
L,295.5,314.1111111,1456,39.2,167
L,297.6,323.7407407,1415,47.3,169
L,299.2,323.0,1509,39.4,0
M,301.8,331.5185185,1429,47.9,53
M,303.6,338.9259259,1765,27.5,115
L,302.6,334.4814815,1442,59.8,169
L,301.4,330.7777778,1571,33.9,208
L,297.3,321.5185185,1447,49.0,61
L,302.3,334.4814815,1507,37.5,55
L,300.5,330.7777778,1695,26.7,28
L,301.0,332.2592593,1492,36.7,199
M,301.3,333.0,1678,30.7,34
L,301.5,331.1481481,1565,43.9,142
L,299.9,327.4444444,1294,49.7,126
L,301.7,328.5555556,1607,37.7,93
L,297.2,322.6296296,1419,39.7,115
L,300.7,333.3703704,1878,24.3,24
L,297.9,321.5185185,1490,46.2,6
M,297.4,323.3703704,1638,32.2,84
L,300.2,327.8148148,1275,60.7,15
L,298.0,320.7777778,1622,33.3,121
L,301.7,329.6666667,1435,48.1,12
L,301.3,333.7407407,1509,42.5,213
M,302.3,335.962963,1508,42.3,159
L,300.8,331.8888889,1564,36.2,31
M,298.2,324.8518519,1614,35.5,15
L,298.8,330.037037,1553,36.8,97
L,298.7,327.8148148,1393,45.7,99
M,300.4,335.2222222,1555,38.7,5
L,298.6,326.3333333,1537,37.6,175
L,300.7,335.962963,1399,50.2,222
M,299.9,327.0740741,1412,57.9,59
M,298.0,325.2222222,1439,38.5,34
L,302.2,332.2592593,1506,34.0,49
M,297.6,327.4444444,1592,35.8,57
M,297.8,326.3333333,2243,15.7,36
M,298.1,321.1481481,1569,37.0,29
M,296.8,319.6666667,1516,36.7,135
L,298.0,324.1111111,1268,69.4,189
L,298.2,325.2222222,1780,29.3,91
L,302.8,336.7037037,1958,20.3,56
L,298.8,328.1851852,1557,37.2,139
L,303.5,337.8148148,1481,43.7,20
L,298.5,326.3333333,1471,44.7,119
L,298.6,322.2592593,1390,51.4,168
M,301.2,331.5185185,1962,22.5,28
L,300.6,335.5925926,1501,44.8,226
M,302.3,335.2222222,1685,30.8,130
L,301.0,333.3703704,1511,42.9,26
M,296.9,323.0,1450,46.9,186
L,298.5,327.8148148,1437,42.6,120
L,303.1,333.3703704,1435,40.1,219
L,298.9,329.2962963,1602,38.2,58
M,300.8,327.8148148,1751,27.9,183
L,298.5,327.0740741,1548,44.5,132
M,300.4,327.4444444,1675,35.5,164
L,301.7,333.0,1644,32.8,206
M,303.3,338.5555556,1397,47.1,137
L,303.4,335.962963,1298,63.9,59
H,297.2,323.7407407,1486,46.6,98
M,302.6,330.4074074,1544,35.1,25
M,302.0,330.4074074,1595,32.9,135
M,295.8,315.5925926,1335,51.7,69
H,297.6,323.7407407,1463,46.7,85
L,299.7,332.6296296,1983,21.0,201
M,300.6,334.1111111,1468,40.4,55
M,303.4,335.5925926,1391,42.7,197
M,302.6,330.7777778,1524,33.7,204
L,304.0,339.2962963,1542,42.7,198
L,295.6,314.8518519,1287,54.8,49
L,298.4,329.2962963,1533,35.2,92
H,302.8,338.1851852,1422,46.1,4
L,298.2,326.7037037,1398,52.9,79
L,300.3,333.0,1676,28.6,158
L,298.1,328.9259259,1553,40.9,49
M,299.3,323.0,1542,37.5,203
L,298.0,324.4814815,1496,44.9,179
L,301.5,330.7777778,1396,44.5,117
L,299.8,330.7777778,1496,38.8,215
L,298.3,329.2962963,1523,45.9,99
L,298.2,324.4814815,1442,47.0,18
M,301.4,333.3703704,1476,36.5,25
M,297.2,322.6296296,1431,43.7,46
H,296.8,321.8888889,1492,43.7,222
M,303.5,338.1851852,1353,51.0,172
H,298.2,325.2222222,1524,39.1,100
M,299.5,332.6296296,1451,43.3,136
L,300.8,331.8888889,1486,45.7,146
L,297.9,325.2222222,1502,40.2,30
H,298.1,328.5555556,1686,29.1,60
L,299.2,325.5925926,1605,34.3,107
M,301.8,330.037037,1465,46.5,60
M,297.4,324.4814815,1573,33.9,123
L,299.6,326.3333333,1558,34.8,115
M,300.7,327.0740741,1439,43.8,41
L,300.7,337.4444444,1420,53.8,67
H,300.5,334.8518519,1476,41.7,97
L,303.9,340.4074074,1310,62.9,130
L,303.5,339.6666667,1504,44.8,111
L,303.5,339.6666667,1501,44.0,128
H,299.8,329.6666667,1573,33.3,168
L,301.2,332.6296296,1573,32.8,57
M,296.4,319.6666667,1684,31.4,72
M,298.2,324.8518519,1326,54.4,75
L,297.7,324.1111111,1474,46.8,188
L,299.8,325.5925926,1612,35.4,205
H,301.1,328.9259259,1470,40.1,23
M,298.5,327.0740741,1483,44.8,92
M,300.1,330.4074074,1480,37.1,77
L,297.3,323.3703704,1497,47.5,27
L,303.6,335.5925926,1736,32.9,99
M,298.9,328.1851852,1947,21.7,105
M,297.5,323.3703704,1612,30.0,163
L,302.3,334.4814815,1565,35.6,41
L,298.1,321.8888889,1616,32.8,65
L,299.7,325.962963,1620,30.0,168
M,298.3,325.2222222,1505,41.3,93
L,301.3,329.2962963,1531,41.6,9
L,300.1,334.8518519,1530,36.6,74
L,298.3,323.0,1593,37.0,174
H,303.9,340.037037,1517,36.0,142
L,300.2,330.037037,1514,38.7,48
L,299.3,323.3703704,1772,26.1,52
M,299.5,331.5185185,1488,39.5,95
L,300.7,333.7407407,1522,35.2,48
L,301.5,333.0,1459,45.1,97
H,300.8,330.7777778,1582,31.1,193
L,298.9,327.4444444,1589,34.2,197
L,300.4,329.6666667,1529,36.2,10
L,298.5,327.0740741,1370,52.4,113
M,298.0,325.5925926,1574,34.8,40
L,298.0,325.962963,1731,28.7,38
M,298.5,327.4444444,1441,48.2,107
M,299.8,327.8148148,1320,61.7,134
L,298.0,324.1111111,1771,26.2,206
M,297.4,323.7407407,1469,42.6,80
L,298.6,322.6296296,1422,40.4,179
L,301.0,330.7777778,1429,39.4,98
M,300.8,330.037037,1868,24.5,95
L,301.2,330.037037,1548,38.6,59
M,302.2,334.1111111,1626,31.6,62
L,296.9,320.037037,1435,45.0,119
H,298.3,325.962963,1486,42.4,16
L,298.8,327.8148148,1740,28.5,152
H,298.9,327.8148148,1407,48.6,161
H,297.7,318.1851852,1855,22.5,7
M,297.8,328.1851852,1798,25.5,203
M,298.2,321.5185185,1969,21.7,32
M,299.3,323.0,1468,42.2,83
H,301.3,332.6296296,1580,36.6,184
M,298.9,323.7407407,1524,40.4,131
L,300.3,329.6666667,1369,48.8,36
L,299.8,326.3333333,1299,65.1,212
M,300.5,333.3703704,1551,36.6,205
L,303.0,337.4444444,1486,42.4,112
M,300.9,335.5925926,1843,24.5,25
M,304.0,341.1481481,1844,27.1,88
L,300.7,336.3333333,1401,51.1,50
L,303.0,333.3703704,1735,26.1,194
L,300.6,334.4814815,1459,47.0,63
M,299.5,326.3333333,1506,41.5,77
L,301.8,331.1481481,2672,11.8,124
L,300.5,336.3333333,1478,39.0,153
M,301.3,332.6296296,1402,47.5,197
M,297.5,323.3703704,1401,50.5,6
L,301.5,333.3703704,1700,28.8,39
M,300.7,333.0,1373,49.9,96
M,301.5,331.5185185,1460,38.6,14
L,298.8,327.8148148,1751,29.6,160
L,297.8,324.1111111,1404,44.2,62
M,300.0,327.8148148,1652,28.6,112
M,300.4,328.9259259,1560,42.3,186
H,297.5,323.3703704,1557,39.1,47
L,300.5,329.6666667,1764,25.9,27
L,303.4,334.4814815,1424,50.8,128
L,298.9,329.2962963,1580,37.3,100
L,302.4,329.2962963,1429,43.7,104
L,298.3,323.0,1484,43.4,172
M,302.4,335.5925926,1358,50.6,133
L,302.4,334.4814815,1590,39.9,58
M,303.1,333.0,1594,35.5,13
H,297.4,321.1481481,1390,52.0,131
H,297.4,325.2222222,1468,41.4,156
M,300.0,327.4444444,1618,36.2,53
L,302.4,335.962963,1671,29.9,204
L,303.9,340.037037,1626,31.4,209
L,302.6,330.4074074,1514,42.7,75
H,300.4,333.3703704,1489,45.3,180
M,302.6,337.0740741,1353,56.5,168
H,298.7,323.0,1432,42.8,197
M,296.7,320.7777778,1258,69.0,105
H,299.0,324.4814815,1382,58.5,199
L,299.7,327.4444444,1359,50.7,161
M,299.6,329.2962963,1455,46.1,76
M,302.4,333.0,1887,22.4,197
M,299.2,330.4074074,1325,52.0,34
M,299.1,331.1481481,1449,43.2,80
L,302.9,337.0740741,1729,23.6,96
L,303.5,336.7037037,1674,30.8,0
L,298.9,329.6666667,1362,53.0,185
L,300.3,325.962963,1650,35.2,196
L,302.8,337.0740741,1509,36.5,52
L,299.2,323.3703704,1438,46.6,63
L,296.2,318.9259259,1881,24.3,40
L,298.5,326.3333333,1623,33.1,109
M,303.8,337.8148148,1597,33.4,203
L,300.1,325.5925926,1400,46.7,77
L,297.5,322.2592593,1647,31.3,3
L,295.5,314.1111111,1597,37.2,16
L,299.5,324.4814815,1965,20.4,164
M,298.8,327.8148148,1589,35.3,149
L,297.9,323.0,1646,40.6,175
L,299.2,323.3703704,1821,26.1,69
L,302.8,332.2592593,1636,35.0,38
M,300.7,331.8888889,1469,46.4,75
H,302.7,336.3333333,1484,41.5,65
L,298.9,329.2962963,1361,51.7,192
L,304.0,340.7777778,1632,30.6,121
L,303.5,338.1851852,1457,46.4,168
H,300.3,327.8148148,1582,30.8,144
L,298.9,323.7407407,1771,24.1,213
L,297.2,323.0,1460,42.1,41
H,299.7,325.962963,1302,55.5,87
L,301.3,332.2592593,1596,33.9,157
L,298.4,324.8518519,1706,29.5,107
M,301.5,333.0,1402,40.0,94
L,297.9,325.2222222,1382,43.9,116
M,297.2,323.3703704,1353,46.5,185
L,302.5,336.3333333,1411,44.2,177
H,298.2,324.4814815,1436,51.9,153
L,298.9,327.0740741,1645,31.1,169
M,303.2,333.3703704,1688,31.9,33
L,300.5,335.962963,1431,49.4,37
L,297.9,320.7777778,1397,45.0,104
L,301.7,328.5555556,1317,49.0,187
L,299.1,330.7777778,1419,48.8,76
M,298.1,321.5185185,1924,20.8,29
L,302.7,331.5185185,1398,57.7,19
L,303.7,340.4074074,1721,34.8,50
L,298.2,320.4074074,1503,38.3,87
L,301.0,333.3703704,1363,46.3,62
L,299.4,326.3333333,1544,36.0,197
L,302.5,334.4814815,1802,26.4,192
H,300.3,328.5555556,1677,30.1,130
L,301.3,330.7777778,1337,52.7,106
L,300.7,328.9259259,1672,29.7,176
L,297.8,319.6666667,1448,51.2,107
M,299.0,328.9259259,1667,30.0,53
M,298.7,328.5555556,1434,53.0,144
L,299.9,327.0740741,1349,51.3,176
L,301.7,331.1481481,1406,46.0,112
L,301.5,330.4074074,1488,41.1,151
L,302.6,336.3333333,1447,45.5,173
L,299.0,328.5555556,1411,44.7,94
L,303.4,337.0740741,1337,69.4,52
L,298.3,323.7407407,1499,38.3,142
M,297.9,320.7777778,1450,43.5,106
M,297.4,323.3703704,1566,31.4,76
H,299.2,324.8518519,1712,26.4,95
L,297.4,323.3703704,1475,47.2,69
L,298.8,322.2592593,1443,53.4,21
L,301.6,331.8888889,1564,34.1,150
L,301.2,330.037037,1497,45.7,76
L,300.9,333.0,1417,40.7,24
L,300.7,331.8888889,1597,30.5,38
M,302.2,329.2962963,1572,34.6,17
L,300.5,330.037037,1683,31.5,8
L,298.2,324.1111111,1447,48.4,51
M,302.3,334.1111111,1500,40.2,30
M,297.9,328.1851852,1693,29.9,35
L,303.3,334.1111111,1732,25.6,232
L,301.8,330.037037,1482,41.4,63
L,298.8,328.9259259,1528,36.7,147
L,297.3,322.6296296,1484,43.9,13
M,302.9,338.5555556,1394,46.4,82
L,298.3,325.5925926,1386,45.3,212
L,298.9,328.9259259,1794,27.2,114
M,297.9,319.6666667,1647,30.8,212
L,299.5,324.1111111,1446,45.7,173
M,301.7,331.8888889,1954,21.6,198
L,296.9,322.6296296,1513,38.8,189
L,300.6,332.2592593,1471,37.9,86
L,301.0,329.2962963,1558,32.6,0
L,298.2,321.1481481,1429,49.4,141
L,303.7,339.2962963,1523,40.7,59
L,303.9,341.1481481,1394,51.6,121
L,299.3,325.2222222,1516,38.7,64
L,302.9,337.8148148,1446,41.7,196
L,297.1,321.1481481,1496,44.7,88
L,297.5,326.3333333,1564,37.5,20
L,299.3,323.7407407,1474,49.6,191
L,299.0,323.7407407,1466,46.4,112
M,301.2,333.0,1574,34.3,4
M,298.1,321.1481481,1759,28.6,176
L,301.8,327.8148148,1442,45.3,233
M,301.4,331.8888889,1738,30.3,104
M,299.1,323.7407407,1499,45.1,185
L,298.9,323.7407407,1560,32.2,118
L,303.5,334.8518519,1361,46.5,62
L,299.8,333.0,1412,42.5,181
L,301.5,330.7777778,1380,48.7,160
M,301.1,333.3703704,1384,49.4,48
M,303.7,339.2962963,1558,37.7,206
M,298.5,326.3333333,1512,38.1,170
L,299.1,323.3703704,1455,39.8,145
M,298.3,324.8518519,1390,49.7,23
L,299.6,329.6666667,1469,47.0,15
L,300.3,334.4814815,1634,31.9,36
M,298.1,324.4814815,1628,37.6,12
L,302.4,334.4814815,1785,24.8,45
M,298.0,325.962963,1558,41.7,35
M,303.9,340.037037,1901,22.5,110
L,301.3,329.2962963,1558,36.3,184
M,300.5,328.9259259,1415,43.5,98
M,299.8,327.0740741,1453,43.2,153
L,297.5,321.8888889,1631,30.6,146
M,297.4,321.8888889,1734,27.7,70
L,298.1,321.8888889,1791,27.3,63
M,297.4,323.3703704,1600,42.1,190
L,300.4,333.3703704,1351,62.0,18
L,298.4,327.0740741,1545,36.6,117
L,298.7,328.5555556,1541,38.5,208
M,299.9,326.7037037,1889,26.0,6
L,303.7,339.2962963,1364,46.3,44
L,298.4,328.9259259,1559,44.2,23
L,302.4,330.037037,1374,51.2,163
L,300.0,326.3333333,1887,22.6,120
L,297.5,323.7407407,1596,37.1,30
L,301.5,330.7777778,1702,28.7,135
L,300.6,335.2222222,1553,39.8,0
L,298.4,327.4444444,1479,37.8,144
L,301.4,330.4074074,1737,31.9,96
L,299.9,330.4074074,1497,47.0,150
L,299.0,326.7037037,1798,25.5,89
M,299.8,328.9259259,1397,48.1,164
M,299.4,324.1111111,1487,52.6,205
L,300.2,334.1111111,1463,37.5,145
L,298.1,320.7777778,1565,35.3,119
M,303.8,340.037037,1514,45.0,113
L,301.4,332.6296296,1334,53.3,157
L,299.1,330.4074074,1519,45.3,92
L,301.4,331.5185185,1509,38.3,95
L,303.0,333.3703704,1601,32.9,69
M,301.5,330.4074074,1378,55.3,109
L,302.6,330.037037,1647,34.2,14
M,299.3,325.962963,1334,46.3,31
H,301.1,331.8888889,1792,25.8,121
M,303.7,336.3333333,2663,11.4,71
H,300.9,333.7407407,1668,28.9,183
H,303.7,338.5555556,1514,35.5,138
L,301.6,331.1481481,1321,60.8,73
L,297.4,325.2222222,1583,32.0,166
M,300.2,334.8518519,1513,40.8,157
M,298.6,322.6296296,1717,28.7,29
M,302.0,331.8888889,1783,23.1,190
L,302.3,332.6296296,1412,47.0,164
L,300.1,333.7407407,1535,42.3,92
M,298.3,320.7777778,1330,55.4,114
M,296.8,321.1481481,1418,47.9,127
L,298.0,320.7777778,1839,22.7,79
L,302.3,335.5925926,1435,44.8,98
M,301.3,328.9259259,1696,32.4,202
H,298.0,321.5185185,1479,50.7,70
L,300.1,327.0740741,1660,32.7,57
L,296.8,321.5185185,1561,38.3,9
L,299.2,323.3703704,1381,60.6,59
L,300.3,325.5925926,1368,46.0,171
H,302.2,335.2222222,1413,46.5,147
L,298.7,328.1851852,1695,29.0,145
L,300.2,333.7407407,1487,36.9,71
M,301.3,328.5555556,1565,36.0,213
M,297.9,323.3703704,1449,40.8,157
L,302.2,331.5185185,1769,24.9,91
M,300.9,336.7037037,1851,23.0,156
L,297.8,325.2222222,1456,41.2,0
L,300.1,327.8148148,2151,17.5,173
H,298.8,329.6666667,1707,27.6,56
H,297.4,322.6296296,1771,27.4,100
M,301.8,330.037037,1666,32.7,19
L,297.9,318.9259259,1502,36.7,12
M,298.1,321.5185185,1543,41.9,73
M,300.4,328.1851852,1725,30.4,195
L,300.7,335.962963,1419,47.7,179
L,303.7,337.8148148,1718,26.5,130
L,302.1,333.7407407,1477,43.6,196
H,297.5,321.8888889,1548,38.2,117
H,302.0,330.7777778,1812,24.4,138
M,301.1,330.7777778,1603,32.6,121
H,300.6,334.4814815,1282,60.2,24
M,300.4,335.5925926,1362,47.6,188
L,297.9,320.037037,1481,38.0,40
M,302.3,335.5925926,1879,23.0,124
L,297.7,324.8518519,1662,28.1,19
M,298.0,319.6666667,1524,36.3,98
L,297.2,323.7407407,1489,40.2,214
L,302.3,331.8888889,1723,26.3,213
M,299.4,324.8518519,1457,41.5,201
M,300.3,325.962963,1490,47.9,163
L,296.8,321.1481481,1489,33.4,123
L,300.6,335.2222222,1744,26.9,111
H,298.2,320.037037,1318,55.7,0
L,298.6,328.9259259,1517,41.2,64
L,297.4,323.3703704,1486,48.6,75
L,303.8,340.4074074,1256,58.7,213
L,299.4,331.8888889,1424,47.7,109
L,300.0,333.7407407,1493,41.4,28
L,301.7,329.6666667,1471,51.1,8
H,299.7,325.962963,1355,44.8,127
M,299.3,324.1111111,1289,51.5,185
L,301.6,331.8888889,1392,42.4,3
L,301.5,331.5185185,1323,49.7,79
M,298.0,323.7407407,1254,55.8,65
L,297.1,322.2592593,1402,51.2,186
L,302.3,332.2592593,1720,28.1,178
L,299.5,326.3333333,1941,22.5,18
L,297.1,320.7777778,1406,60.4,133
L,296.8,321.1481481,1420,45.4,70
M,302.7,335.2222222,1759,29.9,5
L,297.5,326.3333333,1470,38.8,197
L,298.2,324.8518519,1737,25.5,26
L,297.2,323.3703704,1446,43.7,171
L,295.8,316.3333333,1508,46.5,99
L,303.3,334.4814815,1412,55.6,67
L,298.3,325.5925926,1537,43.0,123
M,300.8,336.3333333,1274,67.3,159
M,298.1,323.3703704,1463,45.9,3
L,303.6,338.1851852,1286,62.4,101
L,301.7,332.6296296,1527,42.2,144
H,299.8,329.6666667,1411,49.7,161
L,302.5,336.3333333,1673,29.9,42
L,303.7,337.4444444,1349,51.0,105
M,299.0,328.9259259,2049,19.5,111
L,298.3,327.0740741,1542,36.7,134
M,299.7,325.962963,1685,28.9,179
L,296.8,320.7777778,1565,39.5,124
H,298.1,321.5185185,1570,35.3,159
L,300.4,330.4074074,1286,56.8,46
L,298.2,321.1481481,1399,54.9,139
L,299.7,329.6666667,1458,43.4,28
L,300.7,328.1851852,1330,54.4,171
M,302.0,331.1481481,1479,40.5,24
H,302.2,333.7407407,1749,29.2,5
H,299.7,326.3333333,1494,37.8,214
L,303.6,340.037037,1575,38.3,54
H,298.6,327.4444444,1449,42.5,16
L,303.3,335.5925926,1842,24.5,67
M,297.7,324.8518519,1573,35.1,9
L,302.4,330.037037,1479,36.2,115
M,298.6,327.0740741,1580,33.9,70
L,299.6,325.5925926,1641,35.8,81
L,298.5,326.3333333,1630,33.3,116
L,298.2,322.6296296,2057,18.0,168
M,302.5,335.5925926,2023,19.1,74
M,301.1,331.1481481,1429,52.7,35
L,303.4,335.962963,1491,38.2,26
L,301.8,329.2962963,1738,28.0,58
H,301.1,333.7407407,2207,16.6,43
L,295.5,313.7407407,1542,36.2,12
H,298.2,320.037037,1460,48.6,204
L,302.4,333.0,1634,34.2,184
M,303.7,339.6666667,1444,52.7,46
L,298.2,325.2222222,1610,31.7,155
M,298.1,325.2222222,1533,36.1,189
M,300.4,333.3703704,1831,23.4,133
M,298.2,324.4814815,1456,41.2,150
L,301.9,331.8888889,1519,39.0,90
L,299.9,327.0740741,2008,20.4,165
L,302.1,333.3703704,1454,59.2,153
L,297.4,322.2592593,1297,52.1,211
M,300.2,327.4444444,1556,35.8,36
H,300.7,335.2222222,1864,23.6,47
L,296.3,318.1851852,1560,33.2,186
L,300.6,330.037037,1414,50.6,25
H,297.7,324.4814815,1469,43.7,96
L,295.6,314.4814815,1474,41.2,156
H,298.3,325.5925926,1646,30.2,125
M,298.1,324.4814815,1394,47.9,70
M,298.1,321.8888889,1452,40.8,56
L,303.9,339.2962963,1419,47.9,196
M,301.4,331.1481481,1464,48.6,96
L,301.7,330.7777778,1523,34.7,181
M,302.4,329.6666667,1392,55.8,143
M,301.2,331.8888889,1396,47.4,5
M,295.6,314.8518519,1584,33.6,81
H,297.7,320.037037,1538,38.3,63
L,301.2,331.5185185,1551,41.2,82
L,301.7,331.1481481,1545,42.1,68
L,298.9,323.3703704,1387,57.3,154
H,297.1,321.1481481,1365,54.0,174
L,303.3,335.5925926,1692,30.6,18
L,301.1,328.1851852,1493,38.9,149
L,301.7,329.6666667,1331,61.2,47
H,300.9,332.2592593,1474,35.7,175
L,300.1,333.0,1619,33.4,186
L,298.9,330.7777778,1717,26.9,17
M,298.3,320.4074074,1520,41.4,10
L,296.8,321.1481481,1718,25.2,148
L,302.4,329.6666667,1331,45.5,53
M,298.9,325.962963,1581,36.7,101
M,301.4,332.2592593,1489,38.9,179
H,300.1,325.5925926,1560,35.4,14
L,300.2,328.1851852,1481,41.9,106
L,299.1,323.3703704,1371,55.5,159
L,298.5,326.7037037,1560,37.9,37
L,298.2,326.7037037,1447,47.1,185
M,295.7,315.5925926,1387,40.1,81
L,300.2,328.1851852,1401,49.3,163
L,298.6,328.5555556,1564,37.1,30
L,297.1,321.8888889,1584,36.8,215
L,303.6,340.4074074,1405,38.3,58
M,302.8,337.0740741,1469,36.9,143
L,298.6,328.1851852,1332,46.4,76
H,297.9,320.037037,1418,43.0,207
M,297.3,321.8888889,1731,27.7,42
L,301.5,330.7777778,1589,36.7,118
L,299.2,324.1111111,1492,37.8,91
M,301.9,331.1481481,1260,65.9,29
L,301.6,331.5185185,1679,29.5,10
H,298.7,325.962963,1449,42.3,182
L,300.4,334.8518519,1517,39.0,45
L,300.5,334.8518519,1525,37.6,191
M,303.0,333.0,1428,39.8,181
L,298.6,327.0740741,1450,44.2,63
L,301.2,330.037037,1451,39.7,123
L,297.4,325.962963,1274,54.3,121
L,298.1,320.037037,1460,46.5,143
L,301.9,328.5555556,1374,48.5,180
H,302.2,334.4814815,1482,42.6,16
L,300.5,334.1111111,1445,41.5,66
L,300.6,331.8888889,1375,53.2,179
L,300.6,335.2222222,1507,45.5,74
L,298.0,324.1111111,1619,40.1,45
M,298.9,329.6666667,1331,49.0,121
L,298.4,327.8148148,1518,39.8,165
M,301.2,331.5185185,1426,46.1,67
L,301.1,335.2222222,1816,24.5,7
L,300.4,328.9259259,1423,44.2,189
L,297.6,323.0,1407,55.2,86
L,301.3,331.1481481,1426,40.7,54
L,298.9,330.7777778,1640,29.2,195
L,299.4,326.7037037,1701,31.2,199
L,301.3,329.2962963,1269,56.8,195
L,299.8,333.0,2144,17.7,190
L,304.5,342.6296296,1670,32.9,7
H,299.0,328.9259259,1387,45.2,110
M,297.4,323.7407407,1901,22.1,81
L,300.0,327.8148148,1542,47.1,25
M,300.7,330.037037,1471,40.2,59
L,302.0,331.1481481,1583,38.9,94
L,303.1,333.3703704,1626,32.3,21
M,300.9,330.037037,1416,50.9,152
M,295.7,314.8518519,1739,25.9,94
M,297.5,323.0,1505,37.2,215
L,300.8,334.8518519,1516,35.6,14
H,298.3,325.5925926,1484,37.0,28
M,301.2,334.4814815,1498,49.5,3
L,300.7,336.7037037,1512,36.9,153
M,302.2,331.8888889,1562,38.1,78
H,301.6,331.5185185,1414,51.7,197
L,301.1,333.0,1508,41.5,184
L,297.3,323.3703704,1398,60.4,12
M,297.3,324.1111111,1577,35.6,133
L,298.9,324.1111111,1356,50.7,185
L,300.7,329.2962963,1598,32.8,79
L,297.2,324.1111111,1669,30.7,72
M,301.0,334.4814815,1550,34.9,162
L,299.8,327.0740741,1545,32.2,18
L,300.2,334.1111111,1433,37.9,36
L,298.6,327.0740741,1687,29.3,47
L,302.3,334.8518519,1544,34.3,0
M,301.0,332.2592593,1575,34.6,150
L,297.6,322.6296296,1424,53.9,132
H,302.2,335.962963,1597,35.8,160
L,302.7,330.7777778,1263,67.8,197
L,299.7,327.4444444,1512,36.2,172
M,300.6,332.6296296,1401,54.6,94
L,300.1,333.7407407,1676,30.3,151
M,296.7,320.7777778,1537,36.3,233
L,302.5,330.7777778,1463,43.0,189
M,301.9,330.4074074,1373,48.0,73
L,297.5,323.3703704,1530,38.5,93
M,297.9,321.1481481,1540,39.8,38
L,296.8,320.037037,1368,52.0,140
L,297.2,322.6296296,1569,31.2,63
M,297.6,322.2592593,1995,20.5,10
M,297.5,323.7407407,1349,51.5,21
M,298.0,320.037037,1301,58.5,155
L,300.2,328.1851852,1506,41.8,161
H,297.8,326.7037037,1445,48.2,10
L,301.7,329.2962963,1402,50.1,3
M,298.9,329.6666667,2099,20.0,98
M,298.3,326.7037037,1509,34.2,141
M,300.3,334.1111111,1554,34.3,99
M,297.6,322.6296296,1567,34.6,71
M,299.7,325.2222222,1645,31.9,155
L,301.7,329.2962963,1384,50.5,38
H,299.4,324.8518519,1762,29.3,91
L,303.5,334.8518519,1577,38.1,112
L,298.0,321.5185185,1615,29.5,15
L,300.2,334.8518519,1606,31.0,199
L,302.8,337.4444444,1386,57.8,172
L,298.2,324.1111111,1428,54.9,45
L,302.6,336.7037037,1473,37.3,184
M,300.0,334.1111111,1466,39.0,125
L,299.9,333.7407407,1371,52.3,167
L,300.5,334.4814815,1661,35.9,110
M,300.9,331.5185185,1485,41.0,181
M,303.0,333.3703704,1460,43.9,103
M,298.7,327.0740741,1487,33.6,183
M,304.3,342.2592593,1585,32.1,202
M,300.7,327.4444444,1568,35.2,82
M,300.5,328.5555556,1466,53.2,172
L,296.7,321.1481481,1420,50.1,138
M,298.1,324.8518519,1459,50.3,115
H,298.3,327.0740741,1521,37.1,84
M,297.9,325.2222222,1530,40.9,42
M,298.7,328.9259259,1519,38.1,198
H,297.5,324.8518519,1419,50.7,7
L,297.6,325.2222222,1822,25.4,202
M,300.3,328.1851852,1617,40.8,158
M,297.9,320.037037,1202,67.0,129
M,298.4,325.962963,1491,51.2,13
M,298.9,323.7407407,1425,49.6,35
M,295.5,314.4814815,1822,24.3,164
L,298.6,327.8148148,1703,26.1,5
L,302.4,335.962963,1578,29.9,44
L,298.3,325.2222222,1519,36.9,41
L,302.1,333.3703704,1369,50.8,164
L,302.5,335.962963,1553,40.1,187
L,298.0,324.1111111,1626,36.7,210
L,300.7,327.0740741,1578,35.4,34
L,298.6,328.1851852,1469,42.8,205
L,301.0,332.6296296,1399,58.0,190
L,300.2,332.6296296,1255,71.8,149
L,300.6,333.0,1471,40.7,26
L,296.2,318.1851852,1441,41.7,3
L,299.1,324.4814815,1502,46.7,197
L,300.4,333.3703704,1471,46.5,164
H,298.5,323.0,1612,36.1,174
L,300.4,335.962963,1868,21.3,92
L,298.3,320.7777778,1906,22.1,104
L,299.4,331.8888889,1391,48.9,139
M,298.1,322.2592593,1654,35.3,155
L,297.3,323.3703704,1504,42.0,142
L,302.0,329.2962963,1361,45.4,174
M,297.6,324.4814815,1453,39.7,69
M,297.9,325.2222222,1525,38.5,113
L,296.7,320.7777778,1453,46.0,33
M,297.5,323.7407407,1327,52.1,24
L,297.7,319.2962963,1764,29.0,139
H,300.5,331.5185185,1654,28.6,161
M,303.4,335.962963,1419,50.9,39
L,303.9,340.7777778,1590,31.9,5
L,301.7,333.3703704,1482,43.6,154
L,301.1,332.2592593,1282,67.9,10
L,298.9,330.4074074,1546,37.7,159
L,297.9,319.2962963,1606,35.5,14
H,297.0,321.8888889,1410,47.6,79
M,302.4,331.5185185,1521,40.4,152
L,298.2,323.0,1478,42.9,183
L,298.2,322.6296296,1304,49.8,45
M,300.5,328.5555556,1483,49.3,124
M,298.8,323.7407407,1707,28.1,103
M,300.5,336.3333333,1779,27.7,46
M,303.4,337.0740741,1561,38.2,45
M,303.7,338.9259259,1669,31.7,120
L,300.6,335.962963,1413,41.3,43
L,296.9,320.7777778,1605,37.0,84
M,301.9,327.8148148,1568,37.5,135
L,301.8,331.1481481,1451,50.7,108
L,302.4,329.2962963,1906,21.2,110
L,301.4,330.4074074,1334,43.2,133
H,300.2,334.8518519,1547,37.7,217
L,302.0,328.5555556,1388,51.4,183
L,299.2,323.0,1350,51.3,96
L,297.4,325.2222222,1570,37.9,154
L,299.0,329.2962963,1375,48.9,59
L,298.3,323.7407407,1570,34.8,175
H,298.4,322.2592593,1987,19.8,198
H,295.6,314.4814815,1256,62.3,142
M,296.7,319.2962963,1533,32.5,182
L,302.3,332.2592593,1377,46.8,166
M,301.3,332.6296296,1463,50.2,214
M,298.3,323.3703704,1434,46.2,148
L,300.3,330.4074074,1336,54.4,52
M,298.1,321.8888889,1390,49.8,85
L,302.4,333.0,1880,24.5,156
L,300.3,328.1851852,1466,41.2,156
M,300.4,335.2222222,1478,39.9,185
H,297.2,321.8888889,1770,27.2,140
L,300.3,325.5925926,1699,30.3,178
L,298.0,323.7407407,1610,33.1,56
L,300.2,334.4814815,1549,37.2,67
L,301.0,332.2592593,1392,52.9,173
L,303.9,340.037037,1433,48.4,178
M,302.2,334.8518519,1379,42.9,13
L,302.4,332.6296296,1555,40.6,205
M,302.3,335.2222222,1442,41.7,127
L,302.1,334.1111111,1603,35.9,104
M,297.0,320.7777778,1579,34.1,94
L,302.3,333.7407407,1652,32.8,108
H,300.4,328.1851852,1409,47.5,138
M,298.8,328.1851852,1490,38.6,127
M,301.8,333.0,1597,29.8,177
L,300.9,336.7037037,1423,40.2,63
L,302.6,337.4444444,1534,34.3,31
M,300.2,329.2962963,1474,44.0,198
M,304.2,341.8888889,1739,28.1,80
L,298.2,320.7777778,2029,19.9,96
L,295.7,314.8518519,2270,14.6,149
M,302.1,334.4814815,1383,53.6,108
M,298.9,329.2962963,1469,53.2,189
M,301.5,330.4074074,1350,54.9,153
L,298.6,328.9259259,1522,40.3,32
M,301.0,332.2592593,1765,24.2,179
L,299.8,325.962963,1504,38.7,212
M,300.7,331.8888889,1724,30.0,76
L,300.0,334.1111111,1484,37.0,183
L,300.9,329.2962963,2090,17.8,133
L,302.4,330.037037,1900,24.4,113
M,301.2,337.8148148,1505,39.6,102
L,302.2,333.7407407,1378,55.5,35
L,303.5,340.037037,1547,40.3,73
M,299.7,333.0,1649,32.7,185
L,301.9,333.7407407,1501,40.8,59
L,297.6,323.7407407,1326,62.4,173
L,302.9,331.8888889,1610,32.2,17
L,300.7,332.2592593,1637,37.2,115
L,300.1,326.7037037,1694,27.4,44
M,301.6,330.4074074,1452,45.7,164
L,297.4,322.6296296,1284,60.3,50
H,298.2,322.6296296,1824,24.2,49
L,301.0,332.2592593,1570,34.0,192
L,295.6,315.2222222,1911,20.9,74
L,303.8,340.4074074,1394,45.4,36
L,299.5,326.7037037,1602,31.5,193
L,300.1,333.7407407,1305,64.7,66
H,300.9,331.5185185,1609,28.7,39
M,302.9,337.4444444,1426,44.7,157
M,298.0,320.4074074,1621,34.9,194
L,301.4,331.1481481,1578,33.0,181
L,299.1,330.037037,1411,42.1,74
L,299.0,324.1111111,2248,16.8,204
L,301.9,332.6296296,1541,38.9,193
L,298.5,328.5555556,1482,42.1,15
L,301.8,330.037037,1341,50.5,64
M,298.9,328.9259259,1323,52.9,106
L,300.7,329.2962963,1542,35.5,191
H,297.2,323.3703704,1482,39.3,187
H,304.0,340.7777778,1612,31.7,206
L,300.1,334.4814815,1454,52.4,90
L,298.4,321.8888889,1279,53.1,9
L,297.3,323.3703704,1503,43.3,90
L,303.7,339.2962963,1832,23.6,35
L,300.1,329.2962963,1306,64.7,57
L,299.4,330.4074074,1582,31.7,181
M,298.6,327.4444444,1397,54.1,47
L,299.2,323.3703704,1370,52.4,61
M,301.5,331.1481481,1382,58.1,67
L,299.0,324.1111111,1706,28.6,206
M,300.7,332.6296296,1418,49.3,106
M,299.1,322.6296296,1506,38.0,125
L,297.5,325.2222222,1470,43.5,191
H,300.9,336.3333333,1720,27.9,202
L,297.4,324.1111111,1468,46.6,94
L,302.7,331.1481481,1686,26.3,9
L,304.0,340.037037,1350,61.1,88
M,301.9,327.4444444,1385,45.8,217
H,299.1,322.6296296,1521,36.5,40
L,297.3,322.6296296,1504,36.3,45
M,298.8,328.5555556,1495,35.2,214
L,300.7,331.1481481,1540,52.7,85
M,300.8,329.2962963,1686,26.9,128
L,297.5,324.4814815,1477,39.0,127
M,297.2,323.7407407,1498,44.4,9
L,300.2,327.0740741,1356,51.1,133
L,300.6,336.3333333,1430,42.7,130
L,296.3,318.1851852,1654,29.6,188
L,297.3,321.5185185,1527,35.1,165
M,301.6,330.4074074,1455,39.0,118
L,302.5,330.037037,1405,57.4,152
H,299.3,323.7407407,1520,41.4,67
L,298.9,330.037037,1496,36.3,161
L,297.5,323.7407407,1437,43.3,34
L,300.4,335.2222222,1460,39.6,162
L,302.1,334.4814815,1477,45.4,111
M,299.2,322.6296296,1582,45.5,107
L,302.1,331.5185185,1314,52.8,8
L,300.9,330.7777778,1894,21.9,188
L,299.7,331.1481481,1479,38.0,137
L,298.0,323.7407407,1626,33.3,50
L,301.1,327.4444444,1502,48.9,160
L,302.2,332.2592593,1531,37.5,60
L,297.9,327.0740741,1390,47.9,127
H,299.6,332.6296296,1714,30.2,128
L,297.8,319.6666667,1372,54.1,157
L,299.1,323.3703704,1689,32.1,192
M,298.5,327.0740741,1315,48.9,127
L,298.3,329.2962963,1545,36.3,90
L,303.4,337.0740741,1580,35.8,90
H,301.5,330.7777778,1453,48.0,124
L,300.4,333.3703704,1530,32.0,169
M,298.1,323.7407407,1551,42.8,0
L,297.8,324.8518519,1506,33.5,26
M,297.4,325.5925926,1582,35.9,180
L,300.2,327.4444444,1430,52.7,47
H,300.3,334.8518519,1463,41.6,102
L,302.0,331.8888889,1445,49.1,2
M,302.6,337.0740741,1458,38.8,34
H,297.2,323.0,2182,17.3,119
M,300.4,335.2222222,1508,45.4,164
M,300.1,329.6666667,1429,42.0,206
L,301.4,330.4074074,1388,45.3,188
M,302.6,337.8148148,1410,50.3,33
L,300.7,327.0740741,1685,31.1,27
L,301.6,331.8888889,1418,44.7,46
L,299.9,333.7407407,1802,24.4,151
H,298.5,326.7037037,1414,46.7,102
H,300.8,331.8888889,1466,45.2,188
L,301.2,331.8888889,1479,41.2,155
L,303.6,340.037037,1534,39.7,115
L,302.3,335.2222222,1465,43.5,117
M,300.2,334.8518519,1751,28.0,162
L,303.4,335.5925926,2268,15.8,20
L,302.2,335.2222222,1471,45.6,140
M,300.5,326.3333333,1589,34.9,91
L,297.4,324.4814815,1651,34.1,163
L,296.8,321.5185185,1497,41.7,231
L,297.3,322.6296296,2188,17.0,32
M,300.7,331.1481481,1505,35.6,105
L,298.0,320.037037,1694,29.1,169
L,299.3,324.4814815,1550,45.8,170
L,300.3,335.2222222,1707,33.6,158
L,301.2,330.037037,1499,38.1,61
L,302.2,330.4074074,1743,28.1,170
L,301.2,331.1481481,1389,45.3,64
L,298.8,324.1111111,1591,31.1,68
L,298.8,324.4814815,1555,40.6,61
L,297.3,323.7407407,1511,35.7,120
M,304.2,341.5185185,1713,23.5,50
L,302.4,332.2592593,1560,31.8,172
H,297.0,320.4074074,1834,23.8,195
L,300.7,335.5925926,1564,36.8,11
L,298.1,324.1111111,1341,55.7,30
L,301.3,333.0,1647,28.2,140
L,297.4,323.3703704,1369,53.2,43
L,300.8,327.4444444,1680,28.7,22
L,300.6,328.9259259,1658,34.7,88
H,300.5,328.1851852,1324,72.8,159
M,296.2,318.5555556,1389,48.6,7
L,303.4,336.3333333,1521,35.9,215
L,297.0,321.1481481,1493,46.1,173
L,298.6,328.5555556,1393,45.5,38
L,302.3,335.2222222,1400,41.6,136
L,298.2,321.1481481,1847,23.6,69
M,301.6,331.5185185,1813,24.6,210
L,300.5,326.3333333,1475,46.8,94
M,300.7,327.8148148,1523,38.2,73
L,303.4,335.5925926,1366,50.9,200
H,298.2,323.0,1678,34.6,81
L,301.0,335.962963,1454,41.9,33
L,300.0,333.0,1425,47.8,179
L,297.0,320.7777778,1583,37.2,189
L,299.2,330.7777778,1384,48.7,93
M,302.9,337.4444444,1339,52.1,145
M,299.1,323.7407407,2329,14.6,95
L,301.4,331.5185185,1280,61.0,106
L,297.9,320.7777778,1451,38.2,80
L,300.7,328.1851852,1363,53.1,183
H,298.9,329.2962963,1491,45.3,133
H,302.2,334.8518519,1534,37.2,41
L,303.6,335.5925926,1567,31.7,97
L,301.5,330.7777778,1479,34.2,147
L,303.7,337.4444444,1922,23.1,193
M,298.8,328.9259259,1486,38.5,55
M,301.2,331.8888889,1734,31.3,64
L,300.7,333.0,1478,46.8,165
M,297.8,319.2962963,1330,51.7,183
L,301.4,331.5185185,1786,26.1,123
L,303.7,338.9259259,1426,45.5,192
L,300.5,326.3333333,1417,51.5,231
M,298.2,321.5185185,1577,35.9,151
L,298.2,325.962963,1922,22.6,132
L,299.3,325.962963,1541,37.2,118
L,300.5,334.8518519,1425,42.4,102
L,299.0,329.6666667,1477,37.9,60
M,300.5,326.7037037,1877,23.8,31
L,301.7,331.1481481,1471,43.8,80
L,299.4,325.5925926,1207,66.5,66
L,302.4,329.2962963,1426,46.8,95
L,300.6,331.1481481,1497,38.2,83
M,297.5,323.0,1350,52.2,157
L,299.6,332.2592593,1448,46.3,196
L,298.9,325.2222222,1601,32.3,202
L,296.3,318.5555556,1637,31.6,27
L,302.6,336.7037037,1519,38.1,178
L,300.7,331.8888889,1653,31.6,111
L,300.6,335.2222222,1556,34.9,76
M,298.8,325.5925926,1472,47.5,125
L,297.4,322.6296296,1465,42.0,13
H,296.1,317.0740741,1645,31.0,41
M,301.1,331.5185185,1583,40.7,2
H,300.7,330.7777778,1567,38.7,129
L,301.5,331.8888889,1413,44.6,166
L,299.1,324.8518519,1617,32.3,223
L,297.9,320.037037,1612,30.7,134
L,303.5,339.6666667,1544,36.9,87
H,301.4,331.5185185,1329,52.0,160
M,298.2,321.1481481,1462,38.8,124
L,300.7,331.5185185,1425,45.3,48
M,300.1,325.2222222,1612,33.0,34
L,301.7,330.037037,1397,44.6,57
M,299.5,325.5925926,1420,49.5,5
L,298.8,323.7407407,1584,34.4,42
L,300.8,336.3333333,1374,50.2,154
H,301.9,330.037037,1653,32.4,100
M,302.4,334.1111111,1508,41.2,60
L,298.3,329.2962963,1408,45.3,78
L,303.4,335.5925926,1438,58.9,22
M,301.5,330.4074074,1276,55.6,158
L,296.5,320.037037,1607,33.5,104
L,300.9,328.9259259,2595,13.7,207
L,300.8,332.2592593,1398,38.2,50
L,301.8,331.8888889,1383,46.4,37
M,300.5,334.8518519,1246,52.9,165
M,297.3,324.4814815,1548,41.3,140
L,298.8,323.0,1369,53.0,138
L,297.3,322.2592593,1553,33.5,2
H,300.7,329.6666667,1877,24.8,64
L,300.2,334.8518519,1500,39.0,174
L,302.4,332.6296296,1486,40.4,192
L,298.3,326.3333333,1401,51.9,14
L,298.1,321.5185185,1638,35.1,38
L,299.8,333.0,1300,64.2,165
L,296.8,322.2592593,1361,53.8,193
L,297.6,322.6296296,1410,47.0,191
L,299.0,330.4074074,1981,21.2,125
L,297.7,321.8888889,1697,29.1,179
L,302.1,332.2592593,1666,30.7,203
L,300.2,330.7777778,1416,46.7,90
L,300.6,331.5185185,1438,48.5,78
L,300.6,335.2222222,1432,39.2,2
M,298.4,326.7037037,1429,41.8,203
M,297.8,325.5925926,1424,45.5,2
L,297.4,326.7037037,1466,45.5,53
L,300.3,327.4444444,1597,31.8,73
L,299.8,326.7037037,1510,42.5,146
M,302.2,333.7407407,1521,40.6,52
M,301.2,329.2962963,2280,15.7,11
M,299.4,325.2222222,1939,19.8,204
L,297.2,324.4814815,1451,43.1,68
M,302.3,335.2222222,1368,53.6,165
L,302.0,330.7777778,1567,36.1,124
M,297.5,324.4814815,1455,46.1,147
L,301.3,332.6296296,1554,47.7,84
L,300.5,333.0,1547,37.2,7
L,296.8,321.8888889,1289,62.0,199
M,300.2,335.2222222,1397,50.2,71
M,299.2,323.0,1476,32.7,101
L,299.1,330.4074074,1594,33.3,147
L,301.5,331.1481481,1522,36.6,202
L,303.8,338.5555556,1735,25.9,154
M,301.1,329.6666667,1850,27.7,44
L,296.9,321.1481481,1423,43.9,149
M,304.1,341.8888889,1470,45.8,85
M,297.5,323.0,1403,44.3,25
M,299.3,330.7777778,1462,40.5,24
H,298.9,327.4444444,1600,33.5,175
L,300.6,326.3333333,1601,40.2,69
M,297.6,323.3703704,1443,38.2,85
L,300.3,326.7037037,1705,29.4,190
L,299.6,325.2222222,1378,51.9,162
L,297.3,323.0,1430,45.7,15
L,298.7,328.5555556,1446,43.3,46
L,299.2,331.5185185,1477,44.0,19
L,300.6,326.7037037,1369,51.6,71
L,301.1,333.0,1429,42.5,123
L,297.5,323.7407407,1388,48.2,203
M,303.5,337.4444444,1532,41.7,32
L,300.0,334.4814815,1349,48.6,113
L,300.2,334.4814815,1639,31.1,31
L,299.8,326.7037037,1633,27.5,29
M,299.0,328.9259259,1338,56.4,29
L,298.3,321.5185185,1442,47.3,65
M,300.6,335.2222222,1424,50.8,182
L,300.5,336.3333333,1415,44.6,23
L,297.3,323.0,1339,52.1,36
M,298.8,327.4444444,1384,48.2,39
L,298.4,327.0740741,1692,28.3,136
L,297.5,323.7407407,1793,26.7,70
M,303.1,338.1851852,1667,30.0,160
L,300.5,334.4814815,1302,49.6,80
M,301.6,331.1481481,1309,65.8,75
L,298.2,321.8888889,1462,50.8,27
L,301.3,332.6296296,1856,21.9,189
H,296.9,322.6296296,1474,39.2,177
L,300.3,328.5555556,1377,55.3,4
M,301.9,333.7407407,1522,35.6,63
L,300.7,337.4444444,1715,26.8,146
M,298.3,326.7037037,1595,29.0,103
L,303.3,334.8518519,1301,45.1,219
M,301.7,329.2962963,1644,34.6,5
M,300.4,331.1481481,1448,44.9,21
M,300.4,327.4444444,1521,35.0,119
L,302.2,331.1481481,1348,48.4,161
L,300.0,333.3703704,1504,37.9,58
L,300.4,335.2222222,1314,59.5,160
L,300.5,330.037037,1435,43.3,31
L,297.9,325.2222222,1456,46.5,52
M,300.1,335.2222222,1400,48.5,205
L,300.0,326.7037037,1460,43.5,102
L,298.0,327.4444444,1403,51.3,122
L,300.5,334.1111111,1432,47.5,51
M,302.2,335.2222222,1393,42.5,53
L,297.3,324.1111111,1556,36.7,114
L,299.4,324.8518519,1451,40.5,168
L,298.9,324.8518519,1753,25.8,33
L,300.3,335.962963,1692,31.5,187
L,299.9,326.3333333,1620,31.1,196
L,300.2,328.9259259,1486,40.1,182
L,302.9,337.0740741,1469,42.0,214
L,298.9,328.9259259,1776,25.7,51
H,300.2,334.4814815,1454,42.8,88
L,300.5,333.0,1491,42.6,11
L,300.8,331.8888889,1460,53.8,41
L,302.3,335.5925926,1433,50.3,183
L,301.9,331.8888889,1735,31.5,66
L,303.4,334.4814815,1414,44.8,71
L,303.5,335.962963,1344,49.3,93
M,299.1,330.4074074,1422,49.3,69
M,298.0,326.7037037,1276,65.9,50
L,300.1,327.4444444,1546,36.7,77
L,299.6,325.5925926,2266,15.3,79
L,298.2,323.0,1497,37.7,207
L,297.0,320.7777778,1774,28.0,188
L,297.4,324.4814815,1620,33.4,186
M,295.3,313.0,1473,38.5,189
L,298.8,323.3703704,1450,50.8,57
L,301.3,331.1481481,1966,22.6,161
L,300.1,326.3333333,1570,36.8,189
M,300.9,327.0740741,1758,26.8,116
H,303.2,333.3703704,1475,43.1,20
M,301.5,333.0,1396,43.5,112
M,297.4,325.5925926,1463,35.0,183
L,298.0,322.6296296,1473,42.6,107
L,300.4,327.0740741,1525,51.3,4
L,298.1,324.8518519,1351,52.4,102
L,298.0,324.1111111,1506,47.0,208
L,302.3,335.5925926,1281,51.7,61
L,298.4,327.8148148,1457,44.2,175
L,299.2,323.3703704,1488,40.3,148
M,303.8,338.9259259,1374,53.6,136
L,302.9,337.0740741,1605,33.9,86
L,298.8,327.4444444,1890,24.0,173
L,303.6,336.3333333,1391,50.3,101
L,298.6,328.1851852,1597,35.9,213
L,297.9,320.7777778,1365,46.9,73
L,301.2,331.5185185,1517,39.4,107
H,298.1,322.6296296,1530,42.0,184
L,301.0,333.7407407,1342,50.9,60
L,297.7,322.2592593,2007,19.3,181
L,303.2,334.1111111,1324,54.2,228
M,297.4,324.1111111,1582,31.9,161
L,297.4,323.0,1664,28.1,67
L,298.6,326.7037037,1471,48.0,141
L,302.9,337.4444444,1435,47.7,173
H,298.0,323.7407407,1526,41.8,160
L,300.7,330.7777778,1561,33.2,48
M,300.6,328.5555556,1449,42.4,169
L,301.7,332.6296296,1548,40.3,21
L,302.0,332.2592593,1539,34.2,13
L,302.6,332.6296296,1424,38.0,144
L,299.0,330.4074074,1483,41.5,96
H,297.5,323.3703704,1393,46.6,56
L,298.1,325.2222222,1559,34.0,54
L,298.9,323.7407407,1539,45.4,4
M,303.7,338.9259259,1316,51.8,197
H,298.4,323.0,1479,39.2,58
M,301.0,328.1851852,1594,31.1,143
L,302.3,333.3703704,1401,49.7,118
L,298.1,323.3703704,1676,30.5,22
M,299.6,325.5925926,1435,48.4,143
L,298.4,321.1481481,1743,27.3,134
M,299.0,329.2962963,1705,30.1,84
L,296.7,320.7777778,1605,31.3,128
L,298.8,328.1851852,1485,42.4,74
L,301.6,329.2962963,1362,55.8,70
L,299.1,330.4074074,1450,40.9,85
L,302.5,333.0,1493,39.0,137
M,297.5,323.7407407,1486,45.9,78
L,297.3,321.8888889,1468,49.8,0
M,296.5,319.2962963,1565,43.5,194
M,298.1,325.2222222,1976,19.3,158
L,300.7,335.962963,1335,57.1,194
M,300.2,327.8148148,1183,61.4,170
L,300.8,338.1851852,1517,39.2,107
L,298.7,328.5555556,1371,51.3,201
L,301.3,331.5185185,1536,39.3,31
L,300.8,338.5555556,1376,53.6,119
M,298.4,327.8148148,1679,33.3,167
L,301.8,331.5185185,1461,44.2,49
L,300.7,337.4444444,1418,49.0,69
M,297.5,322.6296296,1476,45.6,31
L,299.2,323.3703704,1487,41.2,140
L,299.3,325.2222222,1491,38.4,115
M,297.6,323.7407407,1482,38.3,39
L,300.9,327.8148148,1460,42.1,181
H,297.7,326.7037037,1608,30.2,135
L,298.4,325.962963,1610,32.4,194
L,301.4,330.4074074,1430,50.9,178
M,299.3,330.7777778,1563,42.1,19
M,301.6,331.5185185,1421,44.4,94
M,298.3,321.5185185,1766,26.0,96
H,297.3,321.8888889,1477,52.3,2
M,297.9,325.5925926,1614,38.1,62
L,297.4,324.4814815,1447,58.1,129
L,297.7,323.0,1740,27.1,136
L,298.5,326.7037037,1578,36.3,71
L,297.7,324.8518519,1458,41.1,14
M,298.3,324.4814815,1349,52.1,104
L,296.8,321.1481481,1706,30.8,111
L,301.3,333.3703704,1675,32.1,12
L,300.6,331.1481481,2127,18.7,53
L,298.5,322.6296296,1504,38.0,20
M,298.0,321.8888889,1587,32.3,30
M,300.7,331.1481481,1778,27.1,215
L,300.9,336.7037037,1359,51.7,146
L,303.6,337.4444444,1451,43.4,119
L,297.4,322.2592593,1386,41.0,35
M,304.1,340.7777778,1586,41.1,129
M,298.6,327.0740741,1404,43.3,33
M,302.5,333.0,1638,32.0,198
L,299.0,328.5555556,1373,55.7,201
M,302.4,330.037037,1375,52.5,161
L,304.1,340.037037,1566,37.2,7
L,302.3,334.1111111,1476,37.3,20
L,300.6,326.7037037,1410,40.6,99
L,297.5,326.3333333,1623,33.4,74
L,298.3,321.8888889,1412,52.3,218
M,296.2,318.5555556,1168,63.4,172
L,300.3,325.962963,1532,40.2,194
M,299.4,323.7407407,1541,39.1,109
L,299.8,327.4444444,1598,31.0,139
M,300.5,333.7407407,1468,41.1,34
L,303.1,339.6666667,1511,40.1,107
H,297.2,322.6296296,1453,45.8,105
L,299.5,325.2222222,1498,44.6,101
M,298.7,326.7037037,1375,48.3,157
M,302.5,335.962963,1298,57.5,57
L,298.2,322.6296296,1688,32.0,202
M,298.5,324.1111111,1367,47.3,47
M,296.3,318.9259259,1498,41.6,15
H,302.8,337.4444444,1336,57.5,187
L,299.0,326.7037037,1419,48.3,91
M,300.1,330.037037,1345,57.1,71
L,299.0,330.037037,1483,39.2,153
M,296.9,320.7777778,1544,37.6,109
L,298.9,324.4814815,1530,38.3,23
M,299.9,330.4074074,1576,34.3,188
L,302.0,331.1481481,1467,44.9,86
L,298.7,323.0,1694,28.7,195
L,300.1,330.7777778,1356,45.8,126
M,300.9,334.4814815,1704,31.3,159
L,299.4,325.2222222,1800,24.3,128
M,302.5,336.3333333,1521,40.2,174
L,301.1,332.6296296,1565,52.3,183
L,297.6,321.5185185,1258,57.4,139
L,296.9,321.8888889,1741,28.8,60
M,302.6,336.3333333,1496,45.0,79
L,297.4,322.6296296,1412,42.0,111
M,297.4,323.0,1517,41.0,18
M,298.4,325.2222222,1507,36.1,191
M,298.5,327.8148148,1557,37.7,86
M,302.3,335.2222222,1504,37.3,107
L,297.5,323.3703704,1597,36.4,112
H,300.7,327.4444444,1403,51.3,174
M,299.0,329.6666667,1598,33.4,44
M,299.3,324.1111111,1390,49.3,215
H,300.2,327.8148148,1483,43.8,108
H,297.8,323.0,1512,35.1,138
L,298.4,325.962963,1335,53.5,168
M,297.6,323.3703704,1490,43.4,154
M,298.9,325.2222222,1812,25.9,174
L,301.4,330.4074074,1433,43.4,86
M,300.6,330.7777778,1462,41.3,68
L,297.7,322.2592593,1446,43.9,172
L,301.0,333.7407407,1472,35.3,73
L,298.9,328.5555556,1309,56.2,119
M,301.0,332.2592593,1515,41.8,170
L,300.4,335.5925926,1589,42.0,201
H,297.2,323.3703704,2440,14.0,166
H,296.5,319.2962963,1432,49.2,64
L,300.3,335.2222222,1406,47.5,14
L,302.6,335.962963,1448,49.5,72
L,298.0,322.2592593,1620,35.8,5
L,301.5,330.4074074,1474,39.9,53
H,299.8,325.2222222,1467,37.3,193
L,300.5,334.1111111,1466,41.8,112
L,298.6,322.2592593,1361,68.2,172
L,301.9,332.2592593,1542,36.7,101
L,302.5,336.3333333,1456,46.3,208
L,300.2,335.2222222,1640,30.8,191
M,295.5,313.7407407,1453,47.3,9
L,297.5,324.8518519,1729,28.1,189
M,298.0,328.5555556,1445,45.2,55
L,304.2,341.5185185,1475,40.2,98
M,298.9,324.8518519,1679,28.7,181
L,300.2,328.9259259,1389,53.6,184
L,300.9,330.037037,1440,47.6,140
M,302.3,333.0,1435,43.1,149
L,302.9,338.1851852,1629,30.4,74
L,297.0,321.8888889,1489,44.1,96
M,297.4,321.8888889,1620,31.2,143
M,302.4,333.0,1432,44.5,195
H,298.4,322.6296296,1458,42.9,15
L,298.2,324.1111111,2186,17.8,31
M,298.2,322.6296296,1560,33.0,181
L,298.6,328.1851852,1544,30.2,113
L,300.3,328.5555556,1570,34.0,31
L,299.5,326.3333333,1442,46.2,5
M,302.3,332.2592593,1558,31.9,207
M,299.7,325.5925926,1576,36.4,149
M,302.1,333.7407407,1497,38.4,28
L,297.1,320.7777778,1584,42.3,135
M,300.9,331.5185185,1268,56.3,161
H,299.1,324.4814815,1553,32.6,90
M,298.2,323.3703704,2678,10.7,86
L,297.9,328.1851852,1336,71.6,31
L,301.6,331.1481481,1613,42.5,97
L,297.9,320.7777778,1286,59.5,55
L,297.4,321.1481481,1557,35.5,174
L,300.7,332.6296296,1318,48.2,128
L,302.4,333.0,1446,42.9,5
M,298.5,323.7407407,1344,53.0,114
M,301.8,331.8888889,1618,37.8,59
L,300.1,334.1111111,1356,45.7,149
L,302.8,337.4444444,1494,37.5,198
L,302.6,330.7777778,1511,37.2,197
L,300.9,337.8148148,1372,51.0,142
M,296.7,319.6666667,1515,42.1,55
L,299.1,330.7777778,1496,35.2,60
L,298.8,328.1851852,1490,40.6,124
M,304.0,340.037037,1377,56.0,61
L,301.5,331.8888889,1367,49.0,193
L,303.9,340.7777778,1481,44.1,197
L,301.8,331.5185185,1751,29.3,133
M,300.1,325.962963,1418,39.8,221
L,302.0,332.6296296,1566,37.8,218
L,302.8,331.1481481,1617,37.9,207
M,297.6,325.2222222,1815,25.3,66
L,298.4,323.7407407,1609,35.0,103
M,300.0,327.4444444,1423,48.7,67
L,297.9,323.3703704,1305,47.2,155
L,298.1,321.1481481,1614,35.8,196
L,299.5,326.3333333,1462,46.7,7
L,303.5,337.4444444,1404,48.6,193
L,300.9,331.1481481,1504,46.4,129
L,299.9,329.2962963,1681,29.1,197
L,301.2,331.5185185,1568,38.3,49
M,299.2,324.4814815,1523,38.9,112
L,302.3,329.2962963,1321,52.7,134
L,297.3,324.1111111,1551,40.0,125
M,300.6,326.7037037,1367,63.2,45
L,299.1,329.2962963,1486,40.7,39
M,298.2,320.4074074,1681,31.0,84
M,299.2,330.4074074,1504,43.3,37
L,304.0,340.4074074,1404,47.1,90
M,297.3,322.2592593,1677,34.9,21
H,302.1,334.8518519,1701,26.2,46
M,303.5,338.9259259,1402,47.0,23
L,301.9,331.5185185,1717,26.8,27
M,299.2,328.9259259,1349,50.4,226
M,298.0,319.6666667,1784,27.8,163
M,303.4,334.1111111,1307,54.0,44
L,300.3,335.2222222,1821,26.3,202
L,298.9,323.3703704,1742,34.5,117
L,297.5,323.0,1633,33.3,213
L,301.3,331.5185185,1516,46.0,119
L,298.5,322.2592593,1654,27.1,13
L,298.3,321.1481481,1703,28.9,147
M,298.6,327.0740741,1684,27.8,44
M,298.2,320.7777778,1411,53.4,110
M,298.2,324.8518519,1585,34.3,33
L,300.7,328.5555556,1412,45.3,155
L,298.3,323.0,1585,30.6,127
L,297.4,322.6296296,1493,41.2,43
H,300.4,328.5555556,2563,12.8,81
M,302.1,329.2962963,1379,48.2,166
L,298.5,327.0740741,1428,43.5,87
H,303.8,339.6666667,1570,35.8,147
L,300.7,327.4444444,1541,34.6,131
H,297.6,327.4444444,1278,50.4,2
L,300.1,326.3333333,1712,28.5,141
M,301.3,330.7777778,1481,39.7,85
L,298.0,327.4444444,1536,37.3,120
L,300.4,328.5555556,1496,31.8,154
L,296.9,320.4074074,1464,41.4,6
L,299.3,325.5925926,1634,36.8,62
M,298.8,329.6666667,1583,35.7,116
L,303.8,339.6666667,1442,48.3,52
M,298.7,328.1851852,1528,36.7,197
L,300.7,336.7037037,1395,41.9,157
L,299.2,323.3703704,1867,27.0,138
L,298.5,327.8148148,2617,12.1,102
M,300.5,328.1851852,1508,37.8,150
M,300.3,325.5925926,1458,44.3,175
H,302.4,336.3333333,1457,43.4,23
L,299.3,325.5925926,1293,53.7,189
M,300.3,333.0,1350,58.7,130
L,303.1,338.9259259,1353,51.8,97
L,300.5,336.3333333,1646,29.5,106
L,297.1,320.7777778,1477,36.6,177
L,298.9,329.6666667,1971,23.2,155
L,299.1,322.6296296,1325,46.9,28
L,297.7,324.1111111,1479,45.7,93
L,304.0,340.4074074,1720,28.7,106
L,302.8,337.0740741,1515,36.8,162
L,299.0,329.2962963,1580,41.9,55
M,303.9,340.4074074,1668,34.4,137
H,297.7,327.8148148,1616,31.1,20
L,299.0,330.4074074,1382,53.0,89
L,301.9,331.5185185,1947,25.0,137
M,297.1,320.7777778,1538,34.3,181
L,299.0,329.2962963,1444,47.7,161
L,300.2,335.2222222,1286,55.1,42
M,298.4,322.2592593,1499,40.0,211
L,299.3,325.2222222,1447,50.4,140
H,301.6,331.8888889,1435,47.2,152
L,299.0,330.037037,1472,36.1,97
M,302.2,334.1111111,1398,47.2,202
M,298.9,329.2962963,1555,40.6,176
M,302.2,333.3703704,1873,24.0,99
L,300.7,331.5185185,1431,39.3,22
M,300.7,335.2222222,1499,38.9,3
L,297.8,323.3703704,1699,27.8,199
L,302.7,331.1481481,1501,48.7,4
L,301.0,332.2592593,1578,38.4,49
L,298.7,328.5555556,1753,26.8,40
L,300.1,329.2962963,1380,52.6,59
L,297.3,324.1111111,1619,31.6,129
M,299.0,330.037037,1558,35.4,223
L,302.7,337.0740741,1336,46.8,179
L,298.8,325.5925926,1513,40.3,160
M,298.8,323.3703704,1425,47.4,90
M,301.3,331.5185185,1819,25.5,46
L,302.4,332.6296296,1462,48.5,81
H,302.5,334.4814815,1655,32.3,142
H,301.1,331.1481481,1407,43.9,111
H,301.8,333.3703704,1451,39.4,70
L,299.7,326.3333333,1574,35.8,6
L,300.1,329.6666667,1475,54.2,53
L,299.0,329.2962963,1699,32.9,87
L,298.8,323.7407407,1501,35.0,55
L,300.1,325.962963,1599,30.1,216
L,301.1,334.8518519,1432,48.1,202
H,303.1,338.5555556,1404,40.6,152
M,301.2,337.4444444,1548,38.3,87
M,300.8,330.037037,1526,36.3,205
L,298.3,325.5925926,1417,60.5,143
M,301.9,331.5185185,1405,47.9,80
L,303.9,340.037037,1483,45.0,78
L,298.8,327.0740741,1374,48.1,159
M,298.1,320.037037,1565,36.3,140
L,298.3,325.962963,1456,45.5,75
L,299.8,327.0740741,1542,40.3,141
M,297.3,323.7407407,1456,42.9,122
L,302.4,335.5925926,1673,30.1,210
L,300.5,328.1851852,1550,37.4,148
M,297.6,323.7407407,1389,49.0,34
L,302.4,331.8888889,1686,28.8,150
L,295.8,315.962963,1534,37.9,88
L,300.3,334.8518519,1709,29.5,27
L,297.7,318.5555556,1444,40.0,17
H,297.6,322.6296296,1640,30.9,79
L,298.1,328.5555556,1629,32.5,45
L,303.6,340.037037,1522,35.8,133
L,301.6,332.2592593,1632,31.6,189
M,298.8,329.2962963,1243,74.5,194
L,295.9,316.3333333,1557,41.1,113
L,298.4,327.0740741,1397,50.3,110
L,297.5,324.8518519,1459,48.5,193
L,297.3,324.1111111,1352,53.8,91
L,302.5,333.3703704,1545,40.1,165
L,301.1,337.4444444,1486,34.9,122
H,302.5,335.962963,1595,34.6,112
L,299.6,326.7037037,1643,32.9,145
L,300.7,332.2592593,1535,37.1,113
L,298.4,322.2592593,1364,45.9,63
M,296.7,320.4074074,1597,32.1,114
M,302.0,330.7777778,1381,58.4,201
M,302.3,335.5925926,1355,50.1,104
L,303.7,340.037037,1811,24.3,209
L,300.5,335.962963,1330,59.5,33
L,297.6,324.4814815,1539,40.2,72
L,300.4,335.2222222,1459,45.6,3
L,298.8,328.9259259,1487,41.4,152
M,302.8,337.0740741,1615,32.9,159
L,303.5,340.037037,1393,51.6,80
H,300.6,330.4074074,1510,42.8,124
L,300.5,327.0740741,1777,23.6,0
M,300.9,331.5185185,1452,47.3,25
H,297.5,326.3333333,1563,36.1,100
M,298.1,320.7777778,1525,35.9,132
H,300.0,330.4074074,1881,21.9,102
L,300.4,332.6296296,1802,26.0,197
L,300.1,326.7037037,1560,47.7,26
L,299.2,323.0,1434,46.8,2
M,300.5,328.1851852,1555,38.9,166
L,297.7,324.8518519,1838,27.3,99
H,298.4,321.8888889,1891,24.7,158
M,302.2,334.4814815,1562,38.0,162
L,299.6,326.7037037,1677,31.1,191
M,298.9,328.5555556,1404,41.4,20
L,300.7,329.2962963,1261,56.6,98
L,301.7,330.7777778,1377,43.1,183
L,302.5,332.2592593,1477,39.2,144
M,303.8,340.7777778,1710,26.5,190
M,301.3,328.9259259,2068,17.8,176
L,298.8,328.9259259,1403,45.6,185
M,302.4,336.7037037,1492,47.7,7
M,300.5,335.5925926,1331,55.3,167
L,299.4,324.1111111,1446,62.9,134
M,303.3,334.1111111,1395,59.1,4
L,301.0,332.2592593,1473,44.2,116
M,303.4,335.2222222,1690,34.9,189
L,297.6,323.3703704,1678,34.2,114
M,300.4,329.6666667,1613,36.9,231
H,297.5,324.4814815,1430,49.4,2
L,297.3,323.7407407,1486,42.6,105
L,301.3,331.8888889,1381,47.9,33
L,301.5,331.1481481,1394,46.5,206
L,301.7,332.6296296,1441,44.3,208
L,300.3,327.4444444,1624,32.6,175
L,297.2,321.8888889,1689,31.2,145
L,297.6,322.6296296,1816,28.8,106
M,299.3,323.3703704,1496,39.4,80
L,299.5,328.9259259,1388,52.4,94
L,300.8,337.8148148,1767,25.6,105
L,301.3,330.4074074,1504,47.2,193
M,297.6,324.8518519,1479,38.1,182
L,300.5,327.4444444,1465,41.6,217
L,300.7,329.2962963,1721,32.3,170
M,302.6,336.7037037,1611,39.9,210
L,302.5,329.6666667,1307,54.0,86
L,297.4,322.6296296,1366,45.5,11
L,301.7,331.5185185,1493,51.1,87
L,299.8,331.8888889,1376,48.6,159
L,300.7,331.8888889,2113,18.5,95
L,300.2,334.4814815,1685,31.0,193
L,299.0,324.1111111,1583,32.5,25
L,302.2,331.8888889,1827,23.8,9
L,299.8,330.037037,1524,34.2,196
L,298.2,323.0,1310,61.0,189
L,303.7,337.8148148,1512,39.2,184
M,297.4,322.6296296,1483,41.9,47
M,301.6,332.2592593,1510,40.9,152
L,300.5,335.5925926,1368,57.9,191
M,300.1,334.4814815,1343,46.2,28
L,303.1,333.7407407,1403,55.6,150
M,301.1,330.7777778,1547,35.8,81
M,301.1,331.5185185,2219,16.7,79
L,303.4,334.8518519,1497,42.8,58
L,297.6,323.7407407,1393,40.4,127
L,296.8,321.5185185,1536,40.4,217
L,299.4,325.962963,1427,41.5,29
L,303.8,338.1851852,1619,30.9,142
M,298.4,325.2222222,1544,38.8,97
L,298.0,320.4074074,1430,47.3,49
M,300.3,334.4814815,1540,41.5,151
M,303.2,334.4814815,1336,58.2,2
L,303.7,338.9259259,1359,56.8,194
L,303.6,338.1851852,1345,54.1,126
H,298.5,326.7037037,1573,36.0,97
L,298.0,324.4814815,1489,36.5,109
L,298.9,329.6666667,1654,31.1,158
M,303.4,339.6666667,1422,39.9,63
M,300.3,327.4444444,1398,53.7,82
L,298.8,323.7407407,1331,62.8,81
L,300.9,332.6296296,1499,38.0,111
L,301.0,337.0740741,1264,59.0,57
L,296.4,319.2962963,2833,5.6,213
M,296.3,318.5555556,1454,42.5,35
M,301.5,331.8888889,1452,44.1,157
M,300.3,328.1851852,1444,42.0,3
L,296.6,319.2962963,1521,38.6,173
L,298.6,323.0,1485,42.9,38
M,299.0,330.4074074,1625,37.1,131
L,303.7,340.4074074,1423,41.2,124
L,303.9,338.9259259,1800,24.3,158
L,299.4,325.5925926,1432,45.4,137
L,297.0,321.1481481,1455,49.0,204
M,302.6,332.6296296,1591,33.9,119
M,301.3,330.4074074,1635,32.5,110
L,298.0,325.962963,1527,32.4,99
M,298.8,324.1111111,1446,45.5,49
L,302.3,331.5185185,1499,37.8,137
L,300.1,333.7407407,2579,12.5,64
H,299.0,323.3703704,1623,33.5,154
L,303.5,339.2962963,1607,38.4,92
H,300.2,334.8518519,1662,28.8,162
L,303.9,339.6666667,1526,42.5,194
L,302.0,332.2592593,1495,38.6,52
L,302.7,336.3333333,1828,24.0,63
L,300.6,327.0740741,1437,40.0,55
H,301.6,331.1481481,1555,40.4,139
L,303.4,338.9259259,1363,45.5,26
L,300.1,330.7777778,1492,50.9,111
L,299.0,325.2222222,1469,40.1,13
L,296.5,320.037037,1415,44.2,106
H,297.4,326.3333333,1516,43.0,83
L,300.2,335.5925926,1798,23.2,210
M,299.8,333.0,1498,38.1,176
L,296.6,319.2962963,1465,47.8,187
L,298.2,325.2222222,1596,37.2,87
L,303.6,339.6666667,1873,23.5,7
M,299.8,331.1481481,1694,31.3,121
L,297.5,322.6296296,1596,36.8,77
M,298.1,325.5925926,1572,37.5,126
L,301.9,332.6296296,2691,12.1,31
M,296.2,318.9259259,1477,35.2,53
L,300.9,330.037037,1321,48.8,150
L,302.4,332.6296296,1573,36.5,193
L,298.0,324.8518519,1578,35.6,153
M,298.8,329.2962963,1501,48.7,192
M,297.6,324.4814815,1416,45.9,101
M,298.2,325.962963,1524,34.6,161
L,297.4,324.1111111,1510,36.2,92
L,301.0,332.2592593,1568,38.2,172
M,297.3,324.1111111,1451,43.8,24
L,302.8,336.7037037,1520,39.9,48
L,301.4,330.037037,1492,41.4,195
L,301.8,327.8148148,1598,30.4,124
L,304.2,341.5185185,1568,37.6,25
L,299.0,323.7407407,1434,45.9,108
M,301.8,331.1481481,1459,40.2,128
L,302.2,333.7407407,1570,36.1,0
L,300.5,328.5555556,1503,37.4,175
L,300.7,331.5185185,1450,43.4,80
M,298.3,323.3703704,1629,37.1,170
H,298.9,323.0,1632,31.8,17
L,300.8,331.5185185,1358,48.1,198
M,301.8,328.1851852,1546,39.8,121
L,300.2,325.962963,1667,29.9,75
L,303.4,337.4444444,1287,54.8,54
M,301.7,329.2962963,1743,27.3,210
H,300.6,328.9259259,1483,44.0,97
H,300.2,330.037037,1408,42.5,0
L,298.4,322.6296296,1473,39.9,184
M,299.1,330.037037,1838,24.0,235
L,299.0,328.5555556,1630,34.0,92
L,299.7,326.3333333,1779,25.5,129
L,297.3,322.6296296,1410,48.1,23
M,303.5,339.6666667,1618,30.4,130
H,303.8,338.1851852,1447,46.6,198
M,300.7,333.3703704,1769,26.5,63
L,298.1,321.5185185,1704,30.9,61
M,298.1,323.7407407,1415,46.3,27
M,300.9,331.8888889,1599,33.0,7
L,300.1,328.1851852,1430,56.7,44
M,302.6,335.2222222,1430,51.7,32
L,300.7,328.9259259,1395,48.0,85
M,300.3,335.2222222,1646,28.9,198
M,301.5,331.5185185,1416,53.2,69
L,302.9,337.8148148,1550,36.9,194
M,302.7,334.8518519,2709,9.7,2
L,302.6,330.037037,1479,40.4,105
L,300.2,328.5555556,1566,36.4,170
L,302.4,335.5925926,1543,31.1,96
L,298.3,320.4074074,1576,33.8,171
L,297.1,322.6296296,1496,45.8,190
L,298.2,325.2222222,2449,13.8,45
L,300.5,330.7777778,1373,47.4,56
M,300.3,327.0740741,1405,49.4,77
L,302.4,332.6296296,1423,46.2,186
L,298.1,320.037037,1950,20.3,202
L,301.0,332.2592593,1428,45.3,47
L,299.1,330.7777778,1485,37.8,46
M,303.6,335.5925926,1421,44.8,101
L,296.2,318.5555556,1515,36.5,38
L,301.3,332.6296296,1542,33.6,80
L,297.7,320.037037,1921,22.9,68
L,299.7,333.0,1439,44.9,174
L,299.0,330.037037,1428,46.3,175
M,301.4,332.6296296,1234,55.8,152
M,304.2,343.0,1481,44.9,136
L,301.0,337.4444444,1550,34.9,111
L,296.8,321.1481481,1271,61.4,125
L,302.3,332.2592593,2034,19.7,190
H,298.8,325.2222222,1497,43.8,147
L,297.9,328.1851852,2000,21.3,29
L,298.9,323.3703704,1429,55.1,140
L,302.5,330.037037,1523,36.0,72
M,299.2,323.0,1396,48.5,5
L,304.2,341.5185185,1735,28.9,192
L,302.9,336.7037037,1334,54.7,88
M,297.3,321.5185185,1403,45.0,77
M,297.8,325.5925926,1432,42.6,17
L,302.2,334.8518519,1872,20.4,202
L,303.8,340.7777778,1531,39.4,159
L,301.4,330.4074074,1559,36.0,196
M,298.0,324.1111111,1430,51.9,47
M,300.4,326.3333333,1411,41.6,160
M,302.1,331.8888889,1504,37.5,42
L,298.7,328.1851852,1402,54.3,128
M,298.4,327.8148148,1870,22.5,170
L,300.5,327.0740741,1255,62.1,138
L,297.9,325.2222222,1583,36.7,104
M,299.1,331.8888889,1517,38.4,185
L,298.9,324.1111111,1389,44.9,69
M,298.1,320.4074074,1633,30.7,145
L,296.6,320.037037,1459,40.2,96
L,300.5,334.4814815,1316,49.7,55
M,303.4,337.0740741,1615,35.7,56
L,298.2,320.7777778,1804,25.1,108
L,298.0,320.037037,1654,28.9,123
H,303.8,340.7777778,1506,46.9,154
M,304.0,341.1481481,1415,52.8,82
L,299.0,330.037037,1437,47.8,99
H,300.4,335.962963,1438,46.7,41
M,301.7,332.6296296,1537,33.5,146
L,299.3,330.7777778,1505,38.8,30
M,301.2,329.2962963,1295,56.6,39
L,302.5,337.0740741,1738,25.3,14
L,299.4,324.1111111,1381,56.7,102
L,297.9,325.5925926,1619,34.7,33
L,299.0,328.9259259,1582,31.9,51
M,302.0,332.2592593,1558,45.3,193
M,301.9,331.1481481,1412,46.5,89
M,297.1,323.3703704,1515,42.1,81
L,295.8,315.2222222,1337,54.6,87
M,299.8,326.7037037,1401,48.1,143
L,301.5,330.7777778,1528,35.7,198
H,300.7,335.962963,1329,59.2,121
L,302.2,331.1481481,1346,47.5,109
M,297.0,321.1481481,1569,33.3,141
M,301.2,328.9259259,1445,45.6,18
H,300.7,337.4444444,1446,45.4,86
L,300.2,334.8518519,1356,53.5,132
L,300.6,332.6296296,1543,34.7,89
L,300.7,329.2962963,1376,50.8,75
L,301.4,330.4074074,1689,30.6,110
L,298.4,325.962963,1583,35.4,112
L,300.0,330.4074074,1333,49.1,131
M,302.3,332.2592593,1762,24.5,73
M,300.3,329.6666667,1429,44.7,203
L,297.5,326.3333333,1404,43.5,195
H,300.0,330.7777778,1558,36.7,137
H,298.4,320.4074074,1626,31.1,166
M,298.3,325.5925926,1296,58.7,201
M,300.9,330.7777778,1702,29.3,32
L,297.3,322.6296296,1550,37.0,54
H,303.4,335.962963,1402,50.0,54
L,303.6,340.4074074,1395,44.1,120
L,302.1,332.6296296,1351,49.5,196
H,300.0,327.0740741,1735,28.9,82
L,297.2,323.7407407,1562,33.0,84
M,300.7,335.2222222,2097,18.9,232
M,298.5,326.3333333,1488,43.7,189
L,302.1,331.1481481,1439,40.0,7
L,299.8,329.2962963,1553,42.0,177
L,300.7,326.3333333,1425,45.3,100
L,297.9,320.037037,1298,52.7,132
M,298.8,323.0,1604,29.5,14
L,300.2,327.0740741,1495,32.6,49
L,299.5,325.5925926,1863,22.5,79
M,300.5,326.7037037,2179,16.3,59
H,298.0,319.2962963,1606,35.2,195
L,298.0,322.2592593,1514,37.9,9
L,302.9,337.8148148,1923,23.9,244
L,298.7,323.0,1750,25.8,72
L,296.9,321.1481481,1435,41.6,139
L,299.4,325.962963,1564,39.0,26
L,300.3,335.2222222,1317,56.5,7
H,298.9,323.0,1449,42.4,149
L,298.0,323.7407407,1532,42.6,54
H,296.2,317.8148148,1542,40.6,28
M,299.4,325.5925926,1352,44.7,172
L,298.8,328.1851852,1563,33.7,143
L,298.3,324.8518519,1379,54.7,91
L,301.7,329.2962963,1424,50.2,54
L,298.7,329.2962963,1676,33.5,70
M,302.5,330.7777778,1527,38.8,136
L,299.6,329.2962963,1384,49.8,11
L,300.3,335.5925926,1451,41.0,55
L,300.3,326.3333333,1612,36.0,158
L,301.0,327.0740741,1430,48.5,122
L,300.9,330.7777778,1616,33.5,25
L,300.6,332.2592593,1433,42.6,101
H,301.3,329.2962963,1469,39.7,179
L,297.7,319.2962963,1643,36.5,55
L,297.1,323.0,1468,44.4,197
L,300.0,334.1111111,1604,38.7,185
M,298.9,323.7407407,1574,33.5,128
M,299.7,324.8518519,1478,41.0,87
L,300.7,330.7777778,1445,41.1,201
L,298.9,329.6666667,1623,37.2,177
L,298.1,321.8888889,1410,45.8,71
L,300.1,326.3333333,1654,31.0,201
L,301.8,328.9259259,1393,44.9,208
M,301.5,331.5185185,1510,36.0,64
M,297.6,324.1111111,1408,54.8,147
L,299.8,326.7037037,1436,51.6,158
H,300.3,328.5555556,1405,52.1,205
M,297.3,324.8518519,1799,24.5,137
L,301.3,331.1481481,1481,40.9,57
H,298.7,327.4444444,1755,26.9,73
H,299.9,334.1111111,1497,37.0,162
L,300.5,330.037037,1336,57.1,29
L,302.0,331.8888889,1767,27.4,11
L,299.4,331.5185185,1551,41.2,3
L,301.8,329.6666667,1457,40.4,213
L,297.3,323.3703704,1764,30.8,148
M,298.9,327.4444444,1434,43.8,180
L,301.2,328.5555556,1643,32.9,171
M,295.8,315.2222222,1444,45.5,76
L,296.9,320.4074074,1424,43.3,120
L,298.2,325.2222222,1413,55.0,145
M,302.0,330.4074074,1828,26.3,82
M,300.5,328.9259259,1406,50.2,119
L,300.4,327.4444444,1432,44.7,192
L,299.9,327.0740741,1779,26.1,169
M,297.2,321.1481481,1541,35.7,169
L,297.1,322.2592593,1427,45.2,136
M,298.2,321.1481481,1403,45.1,193
L,302.9,337.0740741,1510,41.4,94
M,302.9,337.8148148,1659,33.1,152
M,297.9,318.9259259,1420,47.8,171
H,302.3,329.2962963,1688,30.4,115
L,300.0,334.1111111,1508,38.2,18
H,301.6,330.7777778,1602,32.3,2
L,298.0,322.2592593,1611,30.6,195
L,298.9,327.8148148,1449,48.8,147
L,297.4,324.4814815,1462,49.7,132
L,300.5,334.1111111,1442,47.0,53
L,302.7,333.3703704,1545,35.1,128
L,300.0,327.8148148,1586,37.8,103
L,297.2,321.1481481,1441,40.0,195
L,302.8,337.0740741,1458,51.0,42
L,302.5,330.037037,1592,32.6,174
L,298.9,328.9259259,1482,41.1,82
L,302.4,329.6666667,2224,16.0,154
L,304.1,341.1481481,1438,45.5,188
L,300.7,337.4444444,1577,33.2,100
L,301.9,330.7777778,1477,42.4,128
L,302.5,334.4814815,1521,44.1,37
L,302.4,333.0,1652,33.9,139
L,298.6,327.8148148,1294,59.4,104
H,301.5,331.8888889,1591,29.6,33
M,299.1,327.0740741,1339,48.2,86
L,295.8,316.3333333,1621,31.6,95
M,304.0,338.9259259,1456,51.2,160
H,302.7,330.7777778,1568,36.9,28
M,304.1,342.2592593,1441,43.7,131
L,298.1,328.5555556,1642,30.4,58
M,298.0,324.1111111,1479,58.5,176
L,302.4,335.5925926,1493,38.4,132
H,303.6,335.962963,1544,37.1,88
M,301.9,332.6296296,1638,35.4,116
L,298.4,327.4444444,1477,35.6,101
L,298.3,325.5925926,1437,38.0,93
L,297.5,325.5925926,1611,30.2,211
H,298.0,320.7777778,1588,35.4,114
M,298.8,328.1851852,1377,49.6,27
L,298.7,323.3703704,1480,42.2,58
H,298.7,327.8148148,1565,39.3,94
L,298.8,322.6296296,1634,27.9,12
M,302.7,331.8888889,1555,36.1,35
M,297.3,323.3703704,1520,42.4,171
L,298.8,324.8518519,1398,51.5,0
M,300.8,333.3703704,1365,51.7,111
L,302.0,332.2592593,1446,44.0,64
M,301.1,331.1481481,1479,41.1,72
M,300.7,331.8888889,1465,45.2,92
L,304.1,341.1481481,1732,28.5,132
H,297.7,323.0,1288,49.5,91
H,299.2,331.1481481,1704,30.6,160
H,302.1,332.6296296,1729,26.1,210
L,299.6,325.962963,1602,37.3,31
L,299.3,323.3703704,1510,45.4,72
L,300.9,333.7407407,1613,32.7,170
M,299.5,325.5925926,1422,45.3,103
L,297.4,325.962963,1420,45.6,193
M,297.7,324.8518519,1531,48.3,84
M,297.8,326.7037037,1495,36.5,132
L,300.8,335.2222222,1681,31.3,221
M,300.0,330.4074074,1385,52.1,128
M,297.1,323.7407407,1717,31.3,61
L,296.2,317.4444444,1526,34.9,140
L,302.2,334.1111111,1390,48.1,40
L,297.4,321.5185185,1383,46.2,188
H,302.4,335.962963,1366,47.3,162
L,297.3,322.6296296,1309,61.5,56
M,301.7,331.1481481,1380,45.8,70
L,303.2,334.1111111,1514,41.2,230
L,299.5,325.5925926,1357,47.3,106
L,300.7,331.5185185,1507,46.1,209
M,299.2,330.4074074,1395,55.4,76
L,300.2,325.962963,1431,51.3,57
M,298.7,323.7407407,1722,24.7,64
L,299.3,323.7407407,1482,37.6,132
L,298.7,328.5555556,1465,39.7,72
H,297.4,322.2592593,1585,46.2,37
L,302.8,337.0740741,1481,40.2,230
L,301.0,327.4444444,1724,28.1,133
M,303.4,335.5925926,2133,18.3,207
L,299.4,324.4814815,1390,57.0,92
L,299.0,330.037037,1475,42.4,93
L,301.6,330.7777778,1593,34.5,102
L,301.6,331.5185185,1380,51.8,216
L,300.2,334.1111111,1568,41.0,32
L,297.4,322.6296296,1483,38.8,23
L,298.5,327.0740741,1569,41.0,153
M,302.0,330.4074074,1212,55.6,79
L,301.6,332.6296296,1485,40.1,142
L,297.5,324.8518519,1390,44.6,140
L,299.3,324.4814815,1341,47.7,199
M,303.1,337.4444444,1623,31.6,101
L,299.1,329.6666667,1352,52.8,41
H,296.7,321.1481481,1579,33.4,50
L,299.2,331.1481481,1498,41.1,88
M,296.3,319.2962963,1958,19.1,67
L,303.7,340.037037,1456,45.5,51
M,297.4,322.6296296,1535,34.6,51
L,300.0,325.5925926,1431,45.4,90
L,301.9,331.5185185,1405,48.8,78
M,300.6,328.9259259,1542,33.9,100
M,302.3,334.1111111,1909,23.2,25
M,298.0,324.1111111,1436,48.2,201
M,298.8,326.3333333,1618,35.1,173
L,297.8,320.4074074,1505,39.7,25
L,300.7,330.4074074,1416,61.8,209
M,296.6,320.4074074,1474,52.6,101
M,300.4,327.8148148,1367,51.2,143
L,299.5,323.7407407,1672,30.5,177
L,301.6,331.8888889,1961,21.8,148
L,299.2,323.3703704,1544,41.6,146
L,300.7,333.3703704,1452,44.4,33
L,299.3,323.7407407,1371,50.5,136
L,297.2,323.7407407,1500,37.1,161
M,302.3,333.3703704,1454,43.8,112
M,299.5,325.2222222,1602,31.3,210
L,299.1,327.0740741,1512,39.0,75
L,298.9,328.5555556,1592,32.0,60
L,299.6,332.2592593,1533,31.8,91
L,298.8,329.2962963,1653,30.3,119
L,297.8,319.6666667,1581,33.1,116
L,297.7,318.5555556,1668,37.8,5
M,298.9,325.962963,1412,44.1,140
L,299.7,325.5925926,1473,39.4,125
L,299.1,331.1481481,1326,49.7,78
M,302.3,335.5925926,1443,43.4,175
M,300.1,327.4444444,1625,38.0,46
L,298.2,320.037037,1368,51.8,5
H,301.4,330.7777778,1421,43.8,182
M,297.2,323.3703704,1487,46.9,173
L,299.2,331.1481481,1534,39.7,83
L,301.4,331.5185185,1590,36.3,43
M,302.3,333.7407407,1339,50.8,123
M,298.8,323.7407407,1571,33.7,61
L,299.1,331.1481481,1380,44.7,170
M,300.9,330.4074074,1576,40.4,92
M,297.0,321.1481481,1422,53.0,115
L,302.4,331.5185185,1362,54.8,155
M,300.2,328.1851852,1394,47.4,21
L,304.1,340.7777778,1366,46.6,35
M,300.7,330.7777778,1594,31.0,196
L,303.8,338.5555556,1565,36.0,179
L,298.1,324.4814815,1432,43.4,68
L,302.0,332.2592593,1564,39.0,15
L,300.9,331.5185185,1740,25.3,164
M,301.5,330.7777778,1612,29.8,148
M,301.9,332.2592593,1419,47.7,20
L,298.4,324.8518519,1501,50.0,203
L,301.8,332.6296296,1322,53.0,166
L,296.8,321.5185185,1371,54.5,86
L,297.4,322.6296296,1472,45.5,2
L,302.4,333.3703704,1448,50.5,53
L,298.6,328.5555556,1356,59.5,34
M,300.2,330.037037,1593,36.1,36
M,300.8,331.8888889,1461,41.3,53
L,299.2,323.0,1711,28.9,197
L,302.2,331.5185185,1567,36.4,100
L,301.4,331.1481481,2137,18.0,99
H,300.7,329.6666667,1479,52.3,9
L,300.5,331.8888889,1509,33.0,153
L,299.4,324.1111111,1512,37.2,126
L,301.6,332.2592593,1538,40.4,13
L,302.4,335.5925926,1476,46.6,110
H,302.2,331.8888889,1397,47.6,11
M,300.4,327.8148148,1547,38.0,181
H,298.4,324.8518519,1577,37.1,0
H,299.2,325.5925926,1410,47.1,9
L,300.8,330.037037,1383,46.6,19
H,300.4,327.4444444,1571,33.6,126
L,297.6,322.6296296,1523,39.5,137
L,298.8,327.8148148,1374,58.6,123
L,300.9,327.4444444,1384,42.4,131
H,302.3,329.6666667,1506,33.8,43
L,301.9,331.1481481,1573,36.6,15
H,300.2,334.4814815,1426,44.3,73
L,298.4,321.5185185,1571,37.4,50
M,297.5,324.4814815,1471,52.3,152
L,299.7,325.962963,1401,54.1,118
L,298.2,324.1111111,1605,29.4,47
L,301.8,331.5185185,1680,32.4,76
L,299.6,325.5925926,1407,50.6,85
L,299.1,331.1481481,1818,24.1,173
M,303.4,338.9259259,1594,32.8,79
L,303.4,337.4444444,1663,33.9,78
L,303.5,335.5925926,1927,21.9,195
L,303.0,337.4444444,1480,41.4,125
L,300.7,327.4444444,1733,24.8,85
L,297.7,325.5925926,1435,38.8,165
M,301.2,329.2962963,1666,34.9,37
M,299.3,323.3703704,1422,45.4,37
L,298.1,326.3333333,1443,45.3,70
L,300.9,331.5185185,1392,44.2,97
L,298.8,323.3703704,1527,36.2,3
M,302.3,332.6296296,1521,34.8,72
L,300.7,328.5555556,1775,26.6,149
M,301.8,332.2592593,1299,60.4,48
L,301.0,334.1111111,1481,37.5,193
M,297.5,323.7407407,1347,57.0,132
M,298.8,329.6666667,1527,31.2,102
M,298.4,325.5925926,1525,39.3,86
H,302.7,336.7037037,1478,36.0,191
M,300.8,331.5185185,1483,40.8,28
L,300.5,327.8148148,1384,48.6,141
M,301.9,332.2592593,1441,43.7,0
L,301.5,332.2592593,1469,44.7,164
L,298.9,323.7407407,2069,18.7,27
L,301.0,337.0740741,1372,47.0,59
L,297.6,323.0,1626,32.4,130
L,300.3,327.4444444,1326,52.4,57
M,300.3,334.1111111,1371,50.2,109
M,298.1,320.7777778,1636,36.7,51
M,300.7,327.0740741,1445,46.4,24
L,297.5,323.7407407,1546,33.8,139
L,301.4,333.0,1469,36.9,133
L,300.5,334.1111111,1611,32.7,44
L,301.0,328.9259259,1480,43.5,21
M,300.3,328.9259259,1537,37.5,6
L,301.5,330.4074074,1629,34.1,151
M,303.6,335.5925926,1432,42.5,150
M,303.6,337.8148148,1504,49.5,109
L,299.5,325.962963,1690,29.2,108
L,302.8,333.0,1721,30.0,87
L,301.2,332.6296296,1670,33.0,200
L,299.1,329.2962963,1894,20.1,106
L,298.5,322.6296296,1334,49.8,186
M,301.8,333.0,1395,44.6,171
L,302.7,332.2592593,1395,48.3,80
L,301.9,331.8888889,1567,39.3,9
L,301.6,331.1481481,1478,36.6,218
M,303.9,340.7777778,1624,39.8,107
L,298.5,325.962963,1983,20.2,114
L,301.5,330.7777778,1372,44.0,203
L,300.1,327.8148148,1351,58.2,155
M,302.5,330.7777778,1507,40.2,201
M,300.8,327.8148148,1258,54.9,168
L,299.6,325.2222222,1525,42.8,160
L,297.1,320.7777778,1428,43.7,179
L,296.8,319.2962963,1549,48.3,105
L,298.9,331.1481481,1363,52.6,190
L,296.9,323.0,1390,41.8,184
M,300.5,328.5555556,1343,63.7,124
H,300.8,333.0,1698,24.8,156
L,303.8,339.6666667,1367,49.9,192
L,298.4,322.2592593,1528,36.2,196
M,298.9,329.2962963,1549,40.2,65
H,301.6,332.2592593,1419,50.2,51
L,298.8,327.8148148,1424,49.6,129
L,298.9,329.6666667,1491,45.1,101
L,301.4,330.7777778,1647,33.3,85
L,300.1,331.1481481,1374,45.4,119
M,303.6,339.2962963,1825,25.2,29
L,301.5,332.2592593,1400,50.8,2
L,295.8,315.962963,1358,49.2,63
M,302.9,337.0740741,1292,54.4,136
M,301.9,327.4444444,1551,34.6,211
H,300.9,331.8888889,1477,38.4,31
H,300.6,331.5185185,1501,45.3,175
H,302.2,334.8518519,1594,36.8,82
M,298.9,329.2962963,1655,31.5,172
M,297.4,322.6296296,1405,51.7,108
L,300.8,332.2592593,1311,55.8,118
L,299.2,323.0,1841,22.8,40
H,297.5,323.7407407,1481,38.8,14
L,301.2,334.8518519,1461,52.9,208
H,301.0,329.2962963,1756,30.7,2
M,301.2,331.5185185,1543,32.9,40
L,298.2,324.8518519,1683,31.7,74
M,300.7,334.4814815,1569,36.4,20
M,300.4,327.8148148,1539,37.7,156
L,301.9,332.6296296,1455,46.0,29
L,299.4,325.5925926,1304,50.5,153
L,303.6,339.2962963,1701,30.8,12
L,303.2,334.1111111,1351,53.8,8
L,299.0,324.1111111,1507,37.5,134
L,297.5,323.7407407,1514,36.9,134
L,299.4,323.7407407,1746,26.8,107
M,297.8,319.2962963,1902,24.3,129
L,298.9,322.6296296,1432,48.9,38
H,298.8,329.2962963,1483,45.4,192
M,299.7,332.6296296,1448,49.8,80
L,299.5,331.8888889,1447,41.0,93
L,298.7,329.6666667,1363,45.5,28
L,296.7,320.037037,1516,37.4,146
M,300.5,327.8148148,1347,54.3,136
L,301.1,332.6296296,1677,29.1,188
L,301.7,332.2592593,1405,46.4,207
L,302.0,332.6296296,1550,35.2,184
H,296.3,318.1851852,1774,25.9,154
L,299.0,330.4074074,1606,31.1,134
L,298.0,325.962963,1378,49.7,94
L,303.5,340.037037,1322,59.5,71
H,298.6,326.7037037,1439,47.1,149
L,296.9,319.6666667,2721,9.3,18
M,299.0,325.2222222,1419,45.2,27
L,303.8,339.2962963,1428,53.3,152
L,302.2,334.1111111,1510,44.9,33
L,304.0,340.7777778,1481,42.6,213
L,300.8,338.1851852,1423,47.3,123
L,297.8,319.2962963,1355,45.8,60
M,300.5,335.962963,1676,35.2,97
L,298.6,327.0740741,1547,44.8,36
L,303.7,337.8148148,1525,43.9,188
L,301.8,327.0740741,1525,39.6,227
L,299.1,330.037037,1727,28.7,43
L,298.9,331.1481481,1406,43.8,12
L,296.8,322.2592593,1643,34.7,191
L,299.2,323.3703704,1442,46.5,11
L,300.0,334.1111111,1374,41.9,96
M,297.6,323.3703704,1431,52.6,26
M,296.7,320.7777778,1375,51.4,108
L,298.7,328.1851852,1469,38.4,62
L,304.4,342.6296296,1509,35.0,205
M,298.5,327.0740741,1366,61.9,130
M,299.0,330.037037,1494,46.6,144
M,300.2,325.2222222,1642,31.2,37
H,303.8,340.7777778,1379,50.2,178
M,302.5,330.037037,1447,39.2,172
L,301.0,334.8518519,1470,43.4,133
L,295.6,314.1111111,1363,50.0,14
M,299.0,329.2962963,1487,47.5,123
L,302.5,335.962963,1354,49.4,117
L,298.4,326.7037037,1392,50.1,117
M,298.0,324.1111111,2101,17.4,198
L,300.0,325.5925926,1631,28.3,110
L,300.1,334.1111111,1467,35.7,45
L,298.2,324.1111111,1436,49.1,26
L,299.8,327.8148148,1483,39.6,87
L,301.1,337.4444444,1534,39.0,129
L,301.8,331.1481481,1295,62.3,91
L,302.7,335.2222222,1480,45.2,8
M,299.8,325.5925926,1496,44.4,155
L,298.4,322.2592593,1282,60.7,216
M,296.0,316.7037037,2044,22.3,48
L,303.0,338.1851852,1626,30.5,87
L,298.8,324.8518519,1852,25.0,57
L,299.2,323.0,1877,23.9,4
L,299.9,330.4074074,1470,50.0,148
L,298.3,322.2592593,1472,44.3,71
M,296.3,318.1851852,1534,33.8,151
M,302.0,330.7777778,1573,32.1,143
L,300.4,333.0,1589,35.5,191
M,298.9,323.3703704,1534,42.9,121
M,302.2,333.7407407,1577,29.8,112
L,302.5,334.8518519,1419,43.7,39
M,297.2,321.8888889,1340,61.3,207
H,303.8,338.1851852,1525,38.0,209
L,302.0,331.8888889,2143,17.3,227
M,300.7,335.2222222,1504,36.9,229
L,303.2,333.3703704,1404,50.9,31
L,298.0,320.7777778,1266,60.5,81
L,301.8,331.1481481,1372,54.7,95
L,297.4,323.0,1392,49.7,174
L,298.4,326.3333333,1504,39.3,192
L,298.8,329.6666667,1461,46.7,105
L,299.8,333.0,1452,47.3,188
H,298.6,327.0740741,1584,31.8,27
L,300.7,331.1481481,1720,30.3,96
M,300.4,334.8518519,1359,55.4,160
L,299.2,330.4074074,1570,37.3,37
L,303.9,340.037037,1403,48.3,10
H,300.9,330.7777778,1512,41.2,49
L,303.7,337.0740741,1487,34.0,94
L,302.4,336.3333333,1562,37.9,10
L,301.5,331.8888889,1350,58.5,13
L,299.9,325.962963,1436,52.0,107
L,302.5,330.037037,1539,39.0,119
L,303.7,340.4074074,1496,47.4,48
L,300.2,330.037037,1331,52.1,30
M,297.4,322.6296296,1335,57.9,113
L,299.8,325.962963,1591,37.5,109
L,297.5,324.8518519,1554,34.8,204
L,304.1,340.7777778,1452,48.0,126
M,298.8,327.8148148,1439,45.8,81
L,302.4,336.3333333,1508,36.9,5
L,298.9,329.2962963,1341,54.5,51
M,300.6,335.2222222,1389,52.1,210
L,301.6,328.9259259,1869,22.9,18
L,300.7,333.0,1324,52.2,85
M,300.9,336.7037037,1617,31.0,148
H,297.9,323.3703704,2129,18.7,126
L,297.4,326.7037037,1401,45.9,49
L,295.6,314.4814815,1383,48.7,147
L,297.6,323.7407407,1522,37.0,106
M,298.0,320.037037,1844,23.8,44
L,300.1,325.962963,1533,37.0,101
L,300.7,331.8888889,1772,27.3,69
L,296.8,320.7777778,1394,47.7,155
L,301.0,330.7777778,1379,57.3,204
H,300.7,335.962963,1389,46.5,186
L,300.6,326.7037037,1425,40.3,103
H,304.1,341.1481481,1397,49.6,34
L,301.4,330.037037,1639,32.7,171
L,302.0,331.1481481,1583,35.2,171
L,303.5,338.1851852,1418,42.2,170
L,296.7,321.1481481,1743,27.9,55
M,295.5,313.7407407,1380,52.4,202
H,300.4,328.5555556,1513,38.7,76
L,303.6,340.037037,1617,30.9,122
H,301.4,329.2962963,1623,32.3,39
M,297.6,327.4444444,1330,53.1,7
L,303.5,340.4074074,1897,23.6,75
M,302.4,334.1111111,1475,45.2,46
M,302.8,331.8888889,1451,44.7,32
M,300.7,327.8148148,1397,51.3,155
M,300.7,327.0740741,1633,31.3,90
M,297.8,325.2222222,1675,30.0,110
L,299.3,330.037037,1396,47.4,14
H,299.4,325.5925926,1547,40.9,50
M,298.1,320.4074074,1445,48.0,73
L,296.7,320.037037,1540,38.6,53
L,301.9,327.8148148,1424,42.8,140
L,299.0,330.037037,1501,43.0,91
L,303.7,338.1851852,1632,36.6,186
L,303.5,334.8518519,2183,17.0,110
L,297.8,324.8518519,1518,40.4,2
L,300.3,328.1851852,1450,55.0,135
M,301.1,333.0,2089,19.8,162
H,300.2,327.4444444,1442,49.2,61
L,302.3,334.8518519,1488,41.8,75
M,300.1,333.3703704,1452,42.4,190
L,302.6,337.4444444,1660,30.3,36
L,299.3,331.8888889,1426,42.4,0
L,302.7,330.7777778,1511,37.7,60
L,302.8,333.0,1563,32.2,78
L,301.4,330.7777778,1432,54.3,81
L,301.4,331.5185185,1657,28.7,108
M,302.2,330.7777778,1507,40.4,111
L,298.0,325.962963,1665,36.6,22
L,298.8,327.8148148,1953,20.6,25
M,298.6,327.8148148,1422,49.7,139
H,298.2,321.1481481,1462,45.5,171
M,304.1,340.7777778,1510,46.9,152
L,300.2,328.1851852,1398,54.8,39
L,302.4,329.6666667,1633,28.0,164
L,301.3,330.4074074,1538,38.4,195
M,302.2,333.3703704,1360,52.8,176
L,300.9,331.1481481,1552,34.9,95
L,301.3,331.1481481,1576,30.4,92
L,299.7,327.0740741,1352,49.7,184
L,298.4,324.8518519,1391,48.4,100
L,302.6,335.962963,1354,48.0,67
H,300.3,335.2222222,1432,47.7,61
L,298.3,325.2222222,1339,58.8,35
M,298.3,325.2222222,1526,36.9,20
H,299.0,325.2222222,1436,43.9,20
L,303.7,339.2962963,1627,31.7,40
M,301.7,332.2592593,1644,32.5,201
H,297.7,327.8148148,1570,35.8,160
L,298.5,321.5185185,1624,29.8,160
M,300.9,338.5555556,1555,40.6,109
L,298.1,320.4074074,1289,48.3,42
L,299.3,323.7407407,1520,33.7,76
L,298.9,329.2962963,1356,47.8,116
M,299.9,330.4074074,1367,53.3,201
M,299.0,322.2592593,1358,42.7,50
L,299.9,326.7037037,1363,60.9,57
L,301.7,331.1481481,1447,56.9,47
L,301.8,331.5185185,1551,37.7,64
L,304.2,341.5185185,1482,41.4,32
H,299.9,330.7777778,1549,42.8,208
L,302.3,335.2222222,1701,27.5,145
L,300.3,327.4444444,1537,37.1,187
H,299.2,323.7407407,1462,55.0,163
H,296.6,320.4074074,1386,62.3,100
L,302.2,334.8518519,1383,44.3,72
L,300.1,333.3703704,1489,39.1,188
H,302.4,336.3333333,1477,39.7,18
M,299.8,326.7037037,1423,42.9,124
L,300.7,332.6296296,1969,20.7,109
L,297.4,324.1111111,1584,38.2,154
H,298.4,326.3333333,1694,30.9,111
L,298.6,326.7037037,1316,51.4,52
L,300.5,334.8518519,1497,40.5,180
H,302.5,333.7407407,1393,47.5,130
L,301.0,331.1481481,1588,33.7,114
L,300.3,327.4444444,1404,44.6,87
H,298.0,324.4814815,1411,53.8,73
L,297.1,321.1481481,1342,49.1,179
H,302.3,331.1481481,1525,48.7,114
L,298.8,328.5555556,1428,42.4,132
M,297.2,323.7407407,1284,51.3,32
H,302.2,331.5185185,1413,48.9,114
L,300.3,334.8518519,1607,33.5,109
H,300.3,334.8518519,1801,23.6,97
H,300.1,334.1111111,1485,40.4,75
M,300.7,332.2592593,1369,51.2,63
L,302.7,331.1481481,1690,26.7,4
M,302.3,335.2222222,1483,40.5,8
L,302.3,333.7407407,1457,44.5,83
L,299.3,325.2222222,1415,47.6,156
L,299.8,327.8148148,1707,29.1,94
M,302.2,333.3703704,1544,43.6,63
M,302.5,330.037037,1411,49.5,110
L,296.5,320.037037,1541,38.5,98
L,297.7,324.1111111,1449,40.2,95
H,299.0,328.5555556,1884,25.6,100
M,299.7,325.5925926,1508,41.2,152
M,295.6,314.4814815,1490,42.7,171
L,301.5,332.2592593,1365,46.5,172
L,298.0,320.037037,1683,32.8,122
M,300.1,327.8148148,1420,48.4,36
H,300.1,326.7037037,1329,55.2,143
H,300.8,333.3703704,2237,17.0,95
L,298.4,325.962963,1345,52.7,196
L,297.9,320.7777778,1459,46.9,85
L,300.5,328.1851852,1663,29.1,145
H,300.7,331.8888889,1346,52.0,193
L,299.3,323.0,1406,47.4,3
H,298.7,327.4444444,1654,34.3,136
L,304.1,342.2592593,1556,37.4,129
L,296.2,318.9259259,1475,37.0,44
L,297.4,324.4814815,1529,41.3,165
L,300.2,327.4444444,1359,51.5,66
L,297.6,323.0,1517,34.2,66
L,297.5,323.3703704,1722,30.4,178
L,303.5,334.4814815,1535,33.3,120
L,295.5,314.1111111,1546,35.9,169
L,298.7,323.3703704,1469,39.9,67
L,301.6,332.2592593,1385,50.7,195
L,300.6,328.5555556,1428,48.8,109
L,300.5,328.1851852,1379,54.2,207
H,297.4,324.4814815,1324,53.5,169
L,300.6,331.5185185,1750,30.6,171
M,295.5,314.1111111,1326,50.8,18
L,299.6,325.962963,1540,36.7,221
L,300.9,331.5185185,1479,43.3,201
H,300.3,327.8148148,1452,41.5,139
L,300.9,332.2592593,1370,52.5,107
H,302.9,338.1851852,1357,55.0,12
H,298.8,324.8518519,1466,44.1,184
M,301.8,333.0,1663,31.6,199
M,301.3,331.1481481,1499,36.1,163
L,301.4,329.2962963,1937,21.8,205
L,299.1,329.6666667,1598,33.4,20
L,301.9,333.3703704,1369,49.8,66
L,301.2,337.4444444,1528,38.4,85
L,298.3,324.4814815,1767,27.3,168
L,298.0,322.2592593,1489,40.4,11
L,302.3,334.1111111,1333,66.7,205
M,300.5,336.3333333,1867,23.0,103
M,298.5,322.6296296,1381,50.5,22
L,297.4,322.6296296,1347,45.8,43
M,299.3,330.7777778,1404,47.5,12
L,299.2,325.2222222,1408,47.2,0
M,301.5,332.6296296,1504,42.6,109
L,300.2,327.0740741,1436,48.8,135
M,298.4,326.7037037,1666,24.3,68
H,301.6,330.4074074,1330,49.5,30
M,301.2,331.5185185,1615,34.9,95
L,298.2,325.2222222,1418,44.2,87
L,300.9,331.5185185,1658,28.5,18
L,300.8,331.1481481,1360,48.8,91
M,302.3,334.1111111,1484,39.5,22
L,301.7,331.1481481,1303,59.7,42
L,302.2,331.8888889,2203,16.6,47
L,298.2,325.2222222,1651,31.5,197
L,303.0,333.7407407,1793,29.3,157
H,297.1,323.0,1359,46.6,176
L,298.3,323.7407407,1584,29.3,162
L,298.0,323.3703704,1429,37.7,220
L,300.1,325.962963,1326,55.9,55
M,300.1,327.4444444,1584,36.7,165
H,298.8,329.6666667,1663,30.4,209
M,298.8,323.7407407,1598,35.1,52
M,298.5,327.0740741,1501,40.2,114
M,297.3,323.0,1449,44.4,34
L,298.6,326.7037037,1698,33.2,147
L,298.0,320.7777778,1386,57.3,147
L,297.2,323.0,1833,25.2,117
L,300.8,335.2222222,1479,39.4,18
L,299.1,322.2592593,1348,56.1,110
L,300.2,327.0740741,1539,35.3,80
L,298.3,323.0,1408,43.1,177
M,299.0,327.8148148,1489,40.7,212
L,301.5,331.1481481,1381,50.7,206
M,301.7,331.5185185,1442,41.1,89
L,300.0,327.0740741,1869,22.7,49
L,301.5,331.8888889,1417,49.7,5
L,301.4,332.6296296,1634,32.6,155
L,299.4,325.5925926,1957,22.1,55
M,302.2,331.8888889,1422,47.0,3
L,300.3,335.5925926,1360,48.0,119
L,300.2,334.8518519,1540,37.7,71
M,300.7,331.1481481,1407,42.4,218
M,300.8,332.2592593,1514,38.7,66
L,301.5,331.5185185,1424,51.1,22
M,299.6,326.7037037,1642,30.3,80
L,297.6,324.1111111,1460,46.7,150
L,301.4,332.2592593,1414,38.8,162
L,301.3,331.8888889,1428,55.2,88
L,301.3,330.4074074,1414,51.4,199
H,301.8,330.7777778,1478,38.6,141
L,303.0,338.9259259,1361,48.8,120
M,297.6,323.7407407,1509,39.7,166
M,300.3,333.3703704,1783,25.6,139
L,298.1,320.4074074,1650,34.1,138
L,297.2,321.5185185,1474,43.7,162
M,302.6,336.3333333,1363,45.7,91
L,300.2,329.2962963,1392,47.9,201
L,299.5,326.7037037,1563,41.5,183
M,300.1,334.1111111,1524,40.6,98
L,301.1,331.5185185,1436,45.3,8
L,301.1,337.4444444,1464,35.3,65
M,297.6,323.7407407,1444,48.2,46
L,300.3,325.962963,1587,31.4,43
L,298.8,323.7407407,1431,45.7,97
L,301.4,333.7407407,1674,33.3,46
L,297.7,327.4444444,1480,47.9,18
L,301.5,330.7777778,1535,39.0,204
L,300.7,335.5925926,1603,34.1,17
L,301.1,330.7777778,1324,52.4,171
H,298.1,320.037037,1542,37.1,84
L,299.5,331.5185185,1438,45.7,106
H,299.2,324.4814815,1440,39.1,188
H,301.1,334.8518519,1417,53.4,0
L,297.6,323.3703704,1452,42.6,116
L,298.8,325.5925926,1378,54.4,165
L,297.1,321.1481481,1492,39.4,171
M,299.4,325.5925926,1417,47.3,59
L,299.0,325.2222222,1544,31.8,25
L,299.2,323.0,1667,29.0,199
L,298.3,325.2222222,1408,45.4,98
L,299.9,325.962963,1333,50.8,61
L,300.1,326.7037037,1568,39.7,42
L,298.4,325.2222222,1474,52.7,95
M,298.0,325.962963,1438,42.9,101
L,304.1,341.5185185,1399,43.7,111
L,298.0,325.5925926,1822,23.5,122
L,301.8,331.1481481,1650,31.9,126
H,297.1,322.2592593,1790,30.3,128
L,299.8,325.5925926,1578,42.1,191
L,300.0,334.1111111,1590,33.6,5
L,300.5,331.1481481,1368,49.6,10
M,298.3,324.8518519,1646,25.4,46
M,302.3,334.1111111,1418,41.3,62
L,297.9,320.7777778,1538,38.5,123
L,298.2,324.1111111,1991,20.5,36
M,297.2,321.8888889,1554,41.3,147
L,297.4,323.0,1603,34.6,65
L,296.8,322.6296296,1506,45.9,182
L,298.2,322.6296296,1475,49.9,47
L,298.0,324.1111111,1629,34.3,191
H,299.6,325.5925926,1630,32.3,194
M,295.7,315.2222222,1462,44.3,37
H,299.8,329.6666667,1537,36.6,191
L,301.0,332.2592593,1809,25.7,192
L,300.5,328.9259259,1413,44.5,152
M,302.1,332.6296296,1351,60.3,207
M,298.7,329.2962963,1368,56.8,72
M,300.7,328.1851852,1490,38.8,173
L,300.7,335.2222222,1460,46.1,15
H,297.7,318.9259259,1514,38.6,19
L,303.3,333.3703704,1763,27.3,27
L,300.6,329.6666667,1555,41.9,19
L,297.8,324.8518519,1282,58.1,108
L,296.7,320.7777778,1505,39.4,236
L,301.6,332.2592593,1532,43.6,15
L,302.6,332.6296296,1284,68.0,114
M,296.3,318.5555556,1319,68.3,24
L,298.5,321.5185185,1384,59.5,27
M,303.0,337.4444444,1674,29.5,109
M,302.6,330.7777778,1965,20.2,40
L,302.5,336.3333333,1383,51.3,190
M,301.7,331.8888889,1671,31.6,137
L,297.8,320.7777778,1412,48.3,27
L,302.4,333.0,1448,44.8,195
M,297.2,323.3703704,1425,45.8,109
L,296.9,322.6296296,1555,38.2,175
L,297.3,323.3703704,1545,34.3,74
M,297.9,324.8518519,1547,44.0,72
M,297.9,324.4814815,1469,49.0,51
L,300.4,325.962963,1752,29.0,52
L,300.3,334.8518519,1515,44.9,69
M,301.2,331.5185185,1394,42.8,168
M,303.0,337.4444444,1483,38.8,114
M,302.4,332.2592593,1469,41.6,124
L,298.8,325.5925926,1439,39.2,104
M,301.5,331.1481481,1573,37.4,37
M,297.2,321.1481481,1687,30.4,82
L,299.1,322.2592593,1493,34.9,119
M,297.7,327.8148148,1680,30.2,168
L,298.9,329.6666667,1696,30.2,214
L,299.3,325.5925926,1795,24.7,187
L,301.4,330.4074074,1543,40.9,190
M,295.7,314.8518519,1423,42.5,121
L,300.3,334.1111111,1526,38.5,101
H,297.7,323.3703704,1720,29.9,210
L,303.0,333.3703704,1641,32.6,63
M,298.0,320.037037,1581,43.4,113
L,298.7,325.2222222,1691,30.1,154
L,300.2,328.1851852,1418,49.3,16
L,299.5,325.962963,1393,47.3,20
M,300.7,329.2962963,1367,52.6,167
L,301.1,333.0,1387,53.1,188
M,298.4,329.6666667,1725,32.0,80
M,301.5,330.4074074,1593,36.8,50
L,300.5,335.962963,1887,21.7,56
L,295.7,315.962963,1737,26.2,97
M,300.1,333.7407407,1650,33.8,38
M,302.6,333.0,1520,43.0,88
L,300.4,326.7037037,1412,51.6,153
M,297.7,322.2592593,1720,25.6,174
L,300.2,334.8518519,1671,28.8,149
H,302.9,332.6296296,1452,58.3,123
M,300.3,335.5925926,1592,32.1,11
L,302.3,335.5925926,1565,37.8,59
H,298.9,323.7407407,1623,31.0,180
H,301.8,331.8888889,1470,37.6,204
M,297.4,323.0,1789,25.0,210
M,298.1,322.6296296,1680,33.7,185
L,301.5,330.7777778,2297,15.8,191
M,298.0,320.037037,1459,44.4,163
L,302.5,332.6296296,1548,38.4,188
M,300.7,331.8888889,1506,44.0,97
M,297.4,323.7407407,1528,29.1,163
M,303.9,340.4074074,1483,47.2,71
H,302.3,332.2592593,1366,48.4,130
H,303.8,338.1851852,1655,28.0,170
L,297.6,326.7037037,1491,40.2,231
L,297.3,322.6296296,1411,43.2,63
M,299.6,329.2962963,1646,29.6,73
M,299.8,333.7407407,1517,41.2,105
H,301.3,330.4074074,1538,38.4,65
M,299.7,330.037037,1429,47.7,35
H,303.0,338.1851852,1698,30.0,89
L,302.3,334.8518519,1398,49.1,119
H,300.9,331.5185185,1403,40.6,207
L,303.7,338.5555556,1621,38.8,182
L,301.9,332.2592593,1379,54.8,99
L,300.6,326.7037037,1556,36.0,98
M,300.7,331.1481481,1349,54.5,19
M,303.0,333.0,1490,43.0,108
L,303.9,340.7777778,1393,46.5,9
L,300.0,329.2962963,1465,40.9,60
L,298.1,324.1111111,1683,29.1,161
L,298.3,322.6296296,1444,43.8,176
L,301.0,337.0740741,1601,33.0,109
L,300.9,332.6296296,1382,51.2,136
H,297.3,322.2592593,1653,31.4,9
L,299.4,332.2592593,1751,27.8,10
L,298.0,323.3703704,1664,28.3,196
H,303.4,335.962963,1534,33.2,210
L,299.2,329.2962963,1534,37.7,10
L,297.2,321.1481481,1989,20.3,186
L,302.2,334.4814815,1548,32.4,81
M,300.1,324.8518519,1548,38.4,31
L,298.5,327.4444444,1421,53.6,122
L,299.3,324.8518519,1376,60.3,163
L,298.3,321.5185185,1578,37.8,101
H,298.8,323.7407407,1449,49.4,150
M,302.0,333.3703704,1625,30.7,189
L,301.4,330.7777778,1489,43.5,98
L,300.5,331.5185185,1606,33.5,121
M,300.0,334.1111111,1384,46.1,7
M,297.6,323.7407407,1390,53.4,175
L,300.6,327.0740741,1867,23.0,242
L,299.2,324.8518519,1430,39.1,117
L,296.8,321.1481481,1372,49.0,140
L,302.5,337.0740741,1574,38.7,30
L,299.6,329.6666667,1333,51.2,40
L,298.2,325.2222222,1643,34.1,91
L,302.6,334.8518519,1576,34.7,182
L,299.6,325.962963,1425,45.9,133
M,300.8,335.962963,1356,44.3,214
M,297.3,324.4814815,1469,44.1,150
M,297.4,322.6296296,1444,44.0,18
M,297.6,324.1111111,1408,51.5,4
L,302.7,330.4074074,1489,42.7,33
L,297.5,325.962963,1715,28.0,30
M,303.0,338.5555556,1392,42.9,94
H,302.2,332.2592593,1522,35.9,61
L,298.0,322.6296296,1662,32.7,0
M,300.4,328.1851852,1430,43.4,198
H,299.2,323.3703704,1342,47.5,147
M,300.2,334.8518519,1415,55.8,82
M,300.1,333.7407407,1748,26.6,42
L,302.3,336.3333333,1354,52.2,165
L,302.2,334.4814815,1588,30.6,39
L,295.9,316.3333333,1412,41.0,109
L,301.9,331.1481481,1462,38.8,22
M,302.0,331.8888889,1445,46.3,17
M,302.5,329.6666667,1751,30.5,90
H,298.9,323.3703704,1415,54.0,6
L,298.5,323.0,1733,26.0,8
L,297.3,322.2592593,1490,41.0,16
L,301.4,331.5185185,1706,27.9,170
L,297.7,325.5925926,1562,36.8,172
L,304.1,340.4074074,1550,30.9,9
L,300.1,325.2222222,1314,58.2,114
L,300.1,326.7037037,1559,39.7,24
M,303.4,334.4814815,1560,36.4,114
L,302.6,332.6296296,1369,60.0,93
M,300.0,328.5555556,1651,28.1,114
L,300.5,328.1851852,1441,48.8,200
L,297.6,323.0,1460,40.3,195
L,300.4,335.5925926,1636,32.3,7
L,301.6,330.7777778,1397,49.4,104
L,300.0,326.7037037,2010,20.0,55
L,302.2,335.2222222,1488,44.6,178
M,300.4,333.3703704,1366,56.1,177
L,300.4,336.3333333,1631,34.9,115
H,297.5,326.7037037,1368,45.3,129
L,300.2,335.2222222,1603,30.5,176
L,296.8,320.7777778,1480,39.4,122
L,299.5,331.8888889,1571,38.2,74
M,302.2,334.4814815,1449,44.5,113
M,299.0,329.6666667,1657,32.3,64
M,301.4,332.6296296,1486,36.5,91
M,299.5,331.5185185,1364,49.5,0
L,302.9,337.8148148,1424,49.5,155
L,301.1,332.6296296,1378,51.1,190
M,300.5,328.1851852,1416,48.5,110
L,302.2,334.1111111,1754,26.9,33
L,297.8,322.6296296,1498,47.3,160
L,298.9,328.9259259,1633,31.2,76
L,297.4,323.7407407,1820,24.6,79
M,299.7,332.2592593,1620,37.2,203
M,297.5,325.962963,1530,40.0,206
L,302.2,333.0,1394,53.7,140
L,301.1,330.7777778,1529,38.7,91
L,300.5,331.1481481,1950,20.3,208
L,302.3,335.5925926,1605,35.2,152
M,298.3,325.962963,1783,28.3,130
M,299.2,330.7777778,1548,33.5,35
M,298.4,324.1111111,1421,60.7,119
L,302.4,332.6296296,1317,59.4,179
M,300.7,326.7037037,1589,35.0,52
L,301.0,330.7777778,1601,33.2,77
M,299.0,330.037037,1827,28.0,178
L,302.4,329.6666667,1346,62.4,106
M,301.0,334.8518519,1301,55.0,9
M,297.4,324.8518519,1348,59.1,201
L,298.0,320.7777778,1414,51.7,140
L,301.3,330.4074074,1346,46.7,90
M,304.1,341.5185185,1518,42.4,105
L,300.7,329.6666667,1348,54.8,50
M,297.3,322.6296296,1697,27.4,121
L,296.8,320.037037,1547,36.5,179
L,299.1,326.7037037,1439,44.2,82
M,301.1,332.2592593,1396,45.1,12
M,303.3,335.5925926,1441,44.9,61
H,300.2,332.6296296,1777,27.5,151
L,300.0,334.1111111,1383,49.6,101
L,299.0,330.4074074,1504,34.3,48
H,298.8,328.1851852,1563,38.8,65
L,298.3,324.8518519,1695,30.7,174
M,301.4,331.5185185,1617,34.3,101
M,302.5,336.3333333,1826,25.3,203
L,296.1,318.5555556,1615,30.8,18
M,300.6,336.3333333,1490,39.8,94
M,303.5,340.037037,1492,46.1,89
L,301.3,333.7407407,1434,49.8,16
H,304.0,340.7777778,1271,68.6,161
H,298.0,319.6666667,1683,27.8,26
L,298.0,324.8518519,1607,37.7,49
L,299.9,330.037037,1638,29.1,152
L,297.5,324.8518519,1466,43.0,15
L,298.6,328.1851852,1842,20.1,142
L,300.9,330.7777778,1570,40.1,79
M,300.5,335.5925926,1636,34.4,2
L,302.5,330.4074074,1415,48.2,117
L,299.0,329.6666667,1682,28.8,49
L,297.2,321.1481481,1337,58.1,184
L,302.7,331.1481481,1564,34.3,0
L,298.4,322.2592593,1471,47.0,214
H,297.2,321.1481481,1450,37.2,151
L,301.3,330.4074074,1440,41.5,197
M,299.0,322.6296296,1377,47.2,35
L,303.0,333.3703704,1409,41.9,98
L,298.8,325.5925926,1362,45.4,113
L,299.3,325.5925926,1399,52.1,27
L,301.2,331.5185185,1676,32.4,98
M,298.8,327.8148148,1448,44.8,31
L,299.5,328.5555556,1402,51.7,58
L,302.3,335.2222222,1611,38.6,143
L,297.9,325.2222222,1629,29.0,26
M,302.2,333.7407407,1931,21.9,101
M,301.5,331.5185185,1359,47.1,115
M,297.4,322.6296296,1774,28.9,166
M,299.4,332.2592593,1473,40.1,7
L,298.7,328.1851852,1589,31.8,217
H,299.7,330.037037,1462,40.4,19
L,300.0,327.8148148,1326,61.9,80
H,298.1,326.3333333,1332,51.0,72
M,303.6,337.4444444,1915,22.3,116
M,301.3,331.5185185,1532,40.7,178
H,297.6,323.7407407,1480,39.8,19
L,298.4,325.2222222,2304,15.1,89
L,297.9,320.4074074,1308,55.2,87
L,300.3,333.7407407,1332,60.5,112
L,297.5,322.2592593,1610,33.6,115
M,298.1,324.1111111,1362,49.6,158
M,301.5,331.5185185,1871,21.3,152
M,297.4,323.7407407,1452,41.2,197
L,300.5,331.5185185,1488,39.4,159
L,297.1,322.2592593,1399,42.6,194
L,301.7,332.6296296,1503,44.8,134
H,302.7,336.7037037,1603,32.5,148
L,303.6,339.6666667,1381,57.8,27
L,300.7,333.0,1440,43.0,148
M,301.8,331.5185185,1420,52.0,88
L,299.4,325.5925926,1670,35.9,68
M,300.0,334.1111111,1864,23.3,2
L,303.8,339.2962963,1416,58.7,156
H,298.6,328.1851852,1279,55.9,152
L,299.3,324.1111111,1484,40.5,213
L,297.8,319.6666667,1388,40.0,159
M,299.7,333.3703704,1560,43.9,126
L,299.7,326.3333333,1546,37.2,4
L,297.9,320.4074074,1567,34.7,74
M,297.2,322.6296296,1794,27.5,38
L,297.0,321.1481481,1479,39.2,151
L,301.6,329.2962963,1326,48.2,77
M,301.1,333.0,1384,42.5,185
L,300.0,334.1111111,1487,41.2,22
L,301.6,332.2592593,1623,34.1,56
H,296.8,320.7777778,1627,30.5,117
L,300.1,325.2222222,1404,54.8,29
L,302.3,329.2962963,1653,29.7,34
L,297.4,322.6296296,1431,43.0,113
L,301.3,331.1481481,1529,41.8,176
L,299.2,323.3703704,1490,43.2,158
M,300.4,327.8148148,1488,42.2,133
M,297.9,324.4814815,1602,32.1,59
M,300.1,334.1111111,1390,52.1,94
H,297.6,325.2222222,1885,25.2,24
L,297.7,324.8518519,1742,26.3,24
L,297.8,318.9259259,1859,24.0,178
L,300.0,334.4814815,1812,28.3,94
M,298.4,322.2592593,1584,41.0,191
L,303.8,339.2962963,1646,35.8,143
L,300.7,332.6296296,1496,38.3,99
L,295.6,314.8518519,1424,42.5,58
L,298.8,324.1111111,1635,35.2,47
L,301.6,328.5555556,1397,43.7,102
M,298.8,323.3703704,1711,28.5,140
L,300.4,330.4074074,1486,46.3,48
L,303.2,334.4814815,1513,37.9,0
M,301.4,330.4074074,1553,44.7,173
L,301.0,332.2592593,1822,21.6,168
M,297.3,323.3703704,1524,49.3,176
L,297.4,323.3703704,1462,42.8,68
H,302.3,335.5925926,1804,25.0,43
L,299.4,325.2222222,1613,32.2,178
L,303.4,339.2962963,1360,50.8,94
L,297.2,323.3703704,1574,35.8,95
M,298.3,327.0740741,1560,36.9,131
M,302.4,335.5925926,1453,42.1,105
L,300.5,331.8888889,1728,26.3,125
L,303.3,333.7407407,1393,47.4,18
L,303.5,340.037037,1465,41.0,56
L,300.6,329.6666667,1622,34.1,3
L,298.3,321.1481481,1435,39.9,143
L,301.9,330.7777778,1892,21.8,177
L,304.3,341.1481481,1775,24.9,39
M,301.1,330.7777778,1646,30.7,76
H,296.7,321.8888889,1528,46.3,203
M,302.3,335.2222222,1453,42.5,56
L,298.7,323.3703704,1375,46.4,48
L,302.1,333.3703704,1417,48.0,13
H,297.4,323.0,1487,46.2,150
L,303.6,335.962963,1473,50.1,84
L,299.4,331.1481481,1418,53.1,10
L,303.6,336.3333333,1827,23.3,103
H,298.3,325.2222222,1823,25.9,181
L,298.1,320.7777778,1606,33.0,130
L,302.3,333.3703704,1386,53.5,59
L,302.4,329.2962963,1418,52.3,141
L,302.0,328.5555556,1308,57.6,197
L,302.2,331.8888889,1350,56.6,76
M,297.4,323.7407407,1643,31.0,89
H,298.9,329.2962963,1458,44.3,156
L,301.8,331.8888889,1576,38.6,38
L,298.8,323.7407407,1593,35.5,175
L,300.6,335.962963,1463,38.2,41
L,299.0,330.037037,1929,24.4,180
M,300.6,331.5185185,1339,52.9,0
L,302.2,332.6296296,1832,23.2,70
L,303.4,339.2962963,1376,53.4,98
L,300.4,334.4814815,1704,29.7,103
M,302.6,334.8518519,1518,39.0,184
M,303.4,338.9259259,1357,55.3,31
L,300.6,329.2962963,1297,50.0,130
M,297.2,322.6296296,1578,37.8,3
M,300.8,331.5185185,1371,44.7,205
M,302.2,333.0,1434,58.6,102
L,301.9,332.6296296,1289,54.9,128
M,301.1,332.2592593,1552,37.9,126
L,303.7,337.8148148,1316,59.3,137
M,303.5,338.9259259,1420,49.1,42
M,300.6,329.6666667,1233,52.3,23
L,300.2,330.037037,1202,59.5,40
L,296.9,321.5185185,1521,34.5,84
L,298.0,321.5185185,1524,37.0,49
L,297.4,322.6296296,1723,28.8,33
M,302.4,335.5925926,1539,39.9,101
M,303.5,339.6666667,1883,23.3,100
L,298.9,324.8518519,1450,47.5,9
M,300.2,327.0740741,1434,51.5,189
L,299.2,324.4814815,1605,31.1,181
L,302.5,331.8888889,1577,36.9,158
L,301.9,330.4074074,1518,34.1,155
H,300.4,334.4814815,1662,29.0,137
L,304.1,340.4074074,1556,36.3,86
L,300.3,335.5925926,2004,19.6,12
L,303.7,337.8148148,1535,38.6,107
M,298.1,325.962963,1460,45.8,80
L,301.9,333.3703704,1657,29.1,23
H,302.2,334.1111111,1625,35.4,70
L,303.9,340.7777778,1499,37.4,7
L,297.8,318.9259259,1438,44.5,3
H,301.1,337.0740741,1491,42.6,52
L,298.9,324.8518519,1422,47.6,15
L,298.8,324.1111111,1490,33.6,71
L,299.2,330.037037,1463,38.9,160
M,298.1,320.7777778,1316,57.2,191
H,299.2,331.1481481,1434,48.4,153
M,301.6,331.5185185,2012,20.7,178
L,297.5,323.7407407,1260,53.6,137
L,299.9,325.962963,1658,34.8,16
L,298.5,322.6296296,1811,24.7,27
M,297.5,321.8888889,1469,44.8,5
L,300.4,327.4444444,1523,38.5,124
M,301.0,332.6296296,1508,46.9,113
M,302.2,333.0,1640,32.8,77
M,298.4,326.3333333,1390,53.6,5
M,301.4,331.1481481,1464,37.4,74
H,303.5,336.3333333,1397,52.9,80
L,300.2,329.2962963,1440,51.1,41
L,298.1,320.4074074,1664,27.6,145
L,299.0,329.2962963,2033,19.3,15
L,302.3,332.6296296,1657,31.1,3
L,303.5,338.5555556,1496,39.0,21
L,299.7,325.962963,1346,57.4,138
L,298.3,322.6296296,1452,45.5,63
M,298.2,323.0,1510,39.9,134
H,298.8,328.5555556,1466,44.6,66
M,300.6,331.1481481,1427,52.8,75
L,299.1,324.8518519,1680,27.2,110
L,301.3,330.037037,1419,55.7,125
L,297.5,326.7037037,1809,24.3,110
M,301.7,330.7777778,1625,35.9,121
M,298.7,327.8148148,1362,50.5,34
H,303.5,334.8518519,1466,47.0,80
M,300.8,331.8888889,1549,35.5,79
L,297.8,324.4814815,1421,49.6,101
L,298.5,325.2222222,1458,44.8,217
M,299.1,329.6666667,1456,48.4,101
L,300.4,335.5925926,1689,30.8,196
L,302.1,333.7407407,1758,24.4,200
H,304.0,340.037037,1701,30.4,171
M,300.8,332.2592593,1678,28.1,63
H,301.0,331.1481481,1366,50.6,106
L,299.4,326.3333333,1596,31.8,40
L,300.7,336.7037037,1498,44.0,155
M,300.8,336.3333333,1450,45.0,183
L,296.7,320.7777778,1646,34.6,238
L,299.6,332.2592593,1229,65.2,209
H,298.9,331.1481481,1615,33.0,221
L,302.0,330.4074074,1611,35.6,117
L,300.9,331.8888889,1482,37.0,5
M,300.5,328.1851852,1473,42.3,121
H,298.0,324.1111111,1503,36.3,5
L,298.0,324.1111111,1443,49.3,52
L,300.2,328.1851852,1650,29.6,13
L,302.6,335.2222222,1773,27.1,30
M,297.6,318.1851852,1526,39.1,39
L,300.3,331.1481481,1806,24.4,88
M,301.9,334.4814815,1492,40.8,150
L,300.6,330.4074074,1401,42.6,114
H,299.1,331.1481481,1791,28.0,168
M,300.8,333.3703704,1634,31.9,178
M,299.2,324.4814815,1314,52.5,193
L,298.7,328.1851852,1530,35.5,0
L,297.5,324.4814815,1417,49.8,177
L,299.2,323.3703704,1445,45.2,222
L,300.4,333.0,1405,54.1,193
M,297.5,322.6296296,1521,38.2,74
L,302.2,334.4814815,1489,38.3,35
L,300.3,330.037037,1483,51.6,50
M,300.2,326.7037037,1752,27.8,208
M,303.4,338.9259259,1576,49.9,28
L,300.3,335.2222222,1365,53.3,113
L,304.2,341.5185185,1490,44.0,41
L,298.9,330.037037,1364,54.0,95
L,300.9,331.1481481,1598,35.4,186
L,298.8,323.0,1401,47.3,10
L,300.1,327.8148148,1601,35.8,160
M,299.3,323.0,1438,42.3,0
L,298.8,328.5555556,1486,40.3,126
L,301.5,331.5185185,1466,47.3,77
L,302.5,335.962963,1265,59.8,119
M,301.8,331.5185185,1465,35.8,82
L,300.9,331.5185185,1412,57.5,16
L,300.3,330.4074074,1493,37.5,219
L,300.7,333.0,2478,13.4,170
M,297.0,322.2592593,1702,30.7,124
M,301.8,334.4814815,1416,49.0,136
L,303.0,333.0,1525,40.7,179
L,303.1,333.7407407,1336,52.6,172
L,297.9,320.037037,1504,42.4,180
M,303.0,338.9259259,1426,46.8,99
L,297.1,321.5185185,1467,42.8,169
L,302.1,333.3703704,1447,50.3,11
L,300.8,335.2222222,1397,43.5,227
M,300.6,327.4444444,1365,50.0,70
H,298.1,320.4074074,1376,56.2,113
M,298.2,325.5925926,1411,45.8,157
M,301.1,333.3703704,1591,35.0,208
M,301.4,331.5185185,1470,46.5,101
L,299.5,331.8888889,1356,54.9,72
L,302.6,329.6666667,1923,21.5,18
M,300.1,327.8148148,1348,57.3,48
L,298.6,328.9259259,1517,39.0,4
L,299.8,326.7037037,1480,40.9,2
L,301.0,331.1481481,1641,33.4,12
M,299.1,323.3703704,1587,35.6,2
M,303.3,334.4814815,1569,36.6,47
L,302.2,331.1481481,1386,50.0,132
M,300.3,328.5555556,1611,29.0,177
M,302.6,332.6296296,1589,39.0,122
M,298.7,327.4444444,1455,46.8,162
L,300.7,330.037037,1592,36.0,14
H,300.6,328.1851852,1913,22.5,157
M,298.5,321.1481481,1640,33.1,146
M,297.5,323.0,1369,54.8,145
L,300.5,327.8148148,1841,24.6,143
L,299.8,333.0,1603,35.1,179
L,299.7,326.3333333,1420,44.1,60
M,299.2,323.0,1381,42.5,54
L,301.7,329.2962963,2695,12.6,10
L,301.6,329.2962963,1694,26.3,14
L,297.0,322.6296296,1399,59.0,135
M,297.1,322.2592593,1529,37.9,183
L,298.2,325.2222222,1491,38.3,121
H,297.6,325.2222222,1735,26.4,41
M,301.7,331.1481481,1492,42.2,85
L,302.3,335.5925926,1574,42.8,215
L,301.0,331.8888889,1549,41.4,121
H,302.0,330.7777778,1459,43.2,148
H,300.6,326.7037037,1463,49.2,235
L,299.0,329.2962963,1362,59.5,46
L,297.8,325.962963,1683,30.9,163
H,300.6,328.9259259,1419,42.4,90
L,297.4,325.2222222,1568,33.7,175
M,298.4,323.3703704,1636,35.7,107
L,300.7,335.5925926,1336,58.4,189
L,300.3,329.6666667,1471,45.2,48
H,296.1,317.4444444,1541,32.6,33
M,300.5,334.1111111,1312,51.4,60
L,303.4,335.2222222,1793,25.8,161
L,298.3,328.5555556,1507,41.6,112
L,301.5,330.7777778,1636,28.7,106
M,301.1,333.3703704,1407,53.0,165
M,298.3,320.7777778,1485,42.0,13
M,300.3,327.0740741,1448,42.4,145
M,298.8,324.4814815,1441,40.5,63
M,299.3,325.2222222,1496,43.4,67
L,298.1,320.4074074,1414,48.7,159
L,297.7,320.4074074,1581,34.9,31
L,297.3,323.3703704,1456,54.2,179
L,297.3,323.7407407,1385,55.2,156
L,302.5,329.6666667,1547,36.9,103
L,297.3,321.8888889,1762,26.1,154
L,299.6,325.5925926,1574,39.2,83
L,301.1,337.8148148,1430,37.9,124
H,299.7,333.0,1353,47.1,143
L,299.1,323.0,1426,47.9,67
H,300.1,334.8518519,1589,37.9,37
L,302.7,331.5185185,1369,47.5,11
L,300.6,327.8148148,1593,32.4,76
L,297.4,323.3703704,1495,37.8,211
H,296.4,319.6666667,1556,38.0,62
L,298.8,327.8148148,1450,43.1,63
L,303.7,339.6666667,1502,40.5,0
L,299.9,325.2222222,1553,40.0,88
M,302.6,336.7037037,1445,42.0,181
M,302.3,335.5925926,1463,35.7,197
L,302.3,332.6296296,1446,37.6,75
L,299.3,325.2222222,1734,30.6,154
L,303.7,340.037037,1457,44.1,40
H,300.4,334.1111111,1445,52.4,105
L,297.4,321.1481481,1606,33.4,176
L,298.1,324.1111111,1642,30.3,3
M,297.8,321.1481481,1802,25.8,43
L,301.0,328.5555556,1507,41.8,19
L,299.0,330.4074074,1452,46.2,168
L,301.2,333.3703704,1635,29.6,211
M,299.5,325.962963,1495,41.6,17
L,298.3,323.3703704,1538,32.2,173
L,297.9,325.2222222,1528,37.5,54
M,298.7,327.4444444,1738,27.3,79
M,299.0,323.0,1535,47.5,163
M,300.7,329.6666667,1373,44.1,28
L,298.7,329.6666667,1525,43.7,34
L,297.9,323.3703704,1472,45.1,70
M,303.0,333.3703704,1387,41.4,100
L,297.4,323.3703704,2100,16.9,176
L,300.9,336.7037037,1462,46.0,166
L,301.9,330.4074074,1370,51.7,153
M,300.0,325.5925926,1463,45.7,11
M,299.9,329.2962963,1362,56.3,179
L,300.5,328.1851852,1507,42.5,117
L,299.6,329.6666667,1512,44.0,79
L,302.3,329.2962963,1487,46.0,184
L,300.3,327.4444444,1568,39.6,85
H,299.0,329.6666667,1744,31.5,0
L,300.8,331.1481481,1384,52.9,165
L,299.3,332.2592593,1669,32.4,5
L,299.2,330.037037,1352,48.9,238
L,302.9,337.8148148,1698,33.8,202
L,301.7,330.7777778,2465,13.7,149
L,299.0,324.1111111,1892,22.8,96
L,297.2,323.7407407,1437,52.4,37
L,298.1,321.1481481,1578,35.6,55
L,297.2,323.7407407,1864,23.6,103
L,299.0,329.2962963,1463,37.4,56
L,300.9,332.2592593,1749,26.4,40
L,299.7,333.0,1603,31.4,141
L,299.2,323.3703704,1378,53.4,100
H,302.6,332.6296296,1438,51.0,106
M,300.5,328.1851852,1370,55.9,143
M,301.5,330.7777778,1308,60.5,139
L,300.8,327.8148148,1997,20.7,5
L,295.7,314.8518519,1397,52.0,101
M,298.0,319.6666667,1427,43.6,101
L,299.0,323.0,1356,52.6,188
L,301.2,333.0,1550,39.7,20
H,299.3,324.4814815,1397,45.4,191
L,299.5,332.2592593,1496,38.5,162
M,297.1,323.0,1880,23.5,155
H,300.1,326.3333333,1448,45.8,163
L,302.2,332.6296296,1555,34.2,185
H,301.9,332.6296296,1336,63.6,111
L,296.8,320.037037,1588,37.6,126
H,299.0,328.9259259,1458,44.9,221
L,301.3,328.9259259,1344,54.8,186
L,303.6,338.1851852,1710,31.4,180
M,298.5,327.8148148,1354,60.8,96
L,299.9,332.6296296,1747,27.6,177
L,300.8,335.962963,1414,41.1,171
H,299.2,331.5185185,1636,29.4,23
L,298.7,327.8148148,1293,59.1,125
M,297.4,322.2592593,1401,51.9,117
M,297.8,325.962963,1295,61.2,12
M,299.8,326.7037037,1439,47.4,57
L,300.2,334.8518519,1827,27.0,22
L,297.8,320.7777778,1563,34.3,53
M,300.7,332.6296296,1334,53.9,150
H,298.2,323.0,1398,51.8,76
M,299.7,330.4074074,1410,44.5,105
H,298.3,321.8888889,2636,12.8,84
L,297.8,325.2222222,1403,64.2,0
L,299.6,332.2592593,1853,26.3,166
H,302.2,333.0,1426,50.6,101
L,301.7,333.7407407,1421,45.9,85
L,301.5,332.2592593,1580,32.3,11
H,299.3,324.4814815,1636,35.5,180
H,300.7,330.7777778,1476,43.1,134
L,300.6,327.4444444,1290,57.4,119
H,303.1,339.2962963,1435,41.9,115
L,298.7,328.1851852,1539,33.4,2
M,302.2,333.3703704,1627,33.2,74
L,297.1,323.0,1583,31.9,2
L,299.8,333.3703704,1369,46.2,146
L,301.4,331.8888889,1490,38.0,168
L,300.0,332.6296296,1637,33.6,181
L,298.9,328.5555556,1365,46.5,75
M,300.6,328.9259259,1397,55.2,90
L,301.6,331.5185185,1638,33.8,196
M,300.6,329.6666667,1532,38.7,16
L,302.7,332.6296296,1694,29.8,150
H,303.6,338.5555556,1436,42.0,110
L,300.5,335.5925926,1524,38.9,214
M,297.1,323.0,1432,53.4,199
H,299.9,327.0740741,1547,38.5,148
H,300.7,337.4444444,1670,27.3,81
M,300.7,327.8148148,1435,44.7,76
L,301.4,331.5185185,1616,36.5,121
L,301.9,330.037037,1398,44.0,65
M,299.2,323.0,1538,38.0,98
M,303.6,339.2962963,1400,43.2,23
L,300.3,328.5555556,1601,31.7,180
L,299.8,331.8888889,1409,51.9,154
L,302.7,336.7037037,1597,39.8,153
L,301.4,333.0,1952,22.7,131
M,296.7,320.037037,1547,34.7,150
M,302.6,329.6666667,1631,31.0,100
M,302.4,333.0,1480,45.7,200
L,299.5,328.9259259,1481,43.1,90
L,301.3,333.0,1413,42.0,221
L,298.8,324.1111111,1445,48.5,70
L,297.4,323.3703704,1643,33.8,132
M,297.8,323.3703704,1466,44.7,88
M,304.3,341.8888889,1525,42.0,2
M,299.9,326.3333333,1389,52.8,0
L,302.4,332.6296296,1610,33.1,161
L,296.6,320.4074074,1556,37.7,110
M,300.4,326.3333333,1467,40.3,166
L,300.3,334.1111111,1471,37.0,114
L,297.9,324.4814815,1681,31.7,94
L,302.6,337.8148148,1628,33.0,15
L,301.2,330.7777778,1546,40.0,55
M,298.7,329.2962963,1693,31.9,51
L,299.3,325.5925926,1496,37.2,149
L,301.3,331.1481481,1387,53.6,94
M,301.7,332.2592593,1300,62.7,36
L,303.6,339.6666667,1450,45.3,29
L,302.8,336.7037037,1441,52.1,79
M,297.5,322.2592593,2448,13.8,29
M,300.7,331.5185185,1377,46.7,36
L,298.4,321.5185185,1380,47.6,130
H,299.4,323.7407407,1542,41.8,166
L,297.7,327.8148148,1498,41.0,176
L,296.9,321.8888889,1422,48.7,215
L,301.2,332.6296296,1544,39.3,217
M,303.6,336.3333333,1435,37.9,98
H,300.4,335.5925926,2496,13.5,5
L,297.4,326.3333333,1759,24.8,81
M,298.3,329.2962963,1389,49.6,75
L,301.3,331.1481481,1458,48.0,104
L,302.4,335.962963,1541,37.9,192
L,300.0,334.1111111,1476,39.0,92
H,301.7,332.6296296,2016,19.3,180
L,299.1,330.4074074,1505,46.1,176
M,296.8,319.6666667,1443,39.2,13
L,300.4,331.8888889,1520,37.6,151
M,300.5,326.3333333,1578,30.5,34
M,303.5,337.4444444,1543,33.3,71
H,299.3,330.4074074,1393,44.9,162
H,302.3,334.4814815,1526,38.2,47
L,299.7,325.962963,1631,35.1,177
L,298.5,327.0740741,1579,38.6,126
L,301.4,328.9259259,1776,25.6,30
L,300.7,327.8148148,1507,52.4,163
L,301.9,332.2592593,1567,39.0,214
M,301.0,330.4074074,1517,46.1,145
H,297.2,323.3703704,1653,33.3,207
M,303.4,336.3333333,1748,28.4,200
L,301.1,329.2962963,1457,39.6,215
L,303.3,338.9259259,1262,63.8,100
L,300.0,326.7037037,1395,44.5,181
M,299.5,325.962963,1590,35.9,22
M,300.5,335.5925926,1591,42.0,182
L,297.2,322.6296296,1796,23.8,61
M,301.1,333.7407407,1654,30.7,28
L,302.4,336.3333333,1621,32.5,169
L,300.4,334.8518519,1815,23.5,49
L,297.1,320.7777778,1454,50.6,94
M,300.5,328.5555556,1735,27.0,107
M,298.8,323.3703704,1577,33.2,0
L,300.0,327.4444444,1514,44.6,98
L,298.0,325.962963,1458,39.8,87
H,298.0,325.5925926,1557,36.4,65
H,299.0,328.9259259,1569,34.3,132
L,298.2,321.8888889,1379,62.3,149
M,299.9,325.962963,1353,49.8,182
L,303.3,334.4814815,1601,35.2,10
M,300.8,330.7777778,1511,35.8,54
L,300.9,333.0,1471,39.3,91
L,302.7,331.5185185,1433,43.7,13
M,302.5,336.3333333,1642,29.1,46
L,302.8,336.7037037,1418,51.4,54
H,300.1,326.3333333,1520,38.2,158
L,298.2,321.1481481,1313,67.3,67
H,300.6,331.1481481,1830,26.2,78
M,297.4,323.0,1340,52.6,15
L,302.5,334.4814815,1700,29.5,133
L,301.2,337.8148148,1378,59.0,95
M,303.7,340.4074074,2130,18.1,185
M,297.0,321.8888889,1573,34.9,93
H,298.3,321.1481481,1420,39.2,176
L,300.3,334.4814815,1667,28.8,56
L,303.0,333.0,1980,20.2,137
L,298.4,322.6296296,1318,59.1,22
L,303.4,335.2222222,1673,32.2,166
M,298.6,323.0,1778,28.2,161
L,298.4,321.8888889,1395,44.0,92
L,298.6,326.7037037,1525,37.8,54
M,297.0,321.1481481,1882,24.2,97
L,300.0,325.5925926,1791,28.2,108
M,302.2,333.3703704,1377,43.0,91
L,297.4,324.8518519,1708,28.8,174
L,302.6,332.6296296,1506,37.2,95
M,300.7,334.8518519,1348,62.5,36
L,298.9,324.8518519,1830,24.9,35
L,298.8,324.8518519,1379,46.7,204
L,300.5,328.9259259,1521,45.1,86
L,296.7,321.5185185,1580,32.2,39
L,298.0,324.4814815,1581,36.1,73
M,296.1,318.1851852,1350,53.3,22
H,299.6,325.5925926,1588,41.3,0
H,297.3,324.4814815,1419,42.4,139
L,298.9,328.1851852,1390,49.9,21
H,300.6,331.1481481,1419,39.6,3
L,301.8,330.7777778,1548,34.1,93
L,298.5,324.8518519,1781,27.8,113
H,300.7,331.8888889,1518,40.1,142
M,301.3,333.0,1438,43.0,137
L,300.8,333.0,1480,41.1,176
L,303.8,340.037037,1365,59.9,205
L,298.6,328.1851852,1561,32.6,201
L,298.0,321.5185185,1401,54.7,65
L,300.4,327.4444444,1319,48.1,26
M,302.3,331.8888889,1721,28.4,215
M,301.1,331.5185185,2636,12.2,100
M,300.3,327.0740741,1665,31.4,32
L,301.6,333.0,1325,49.2,104
M,298.5,324.1111111,1615,33.3,41
L,303.4,335.5925926,1306,61.0,215
L,297.2,321.1481481,1825,24.6,142
M,297.0,321.8888889,1363,45.3,196
L,301.1,330.4074074,1312,73.6,49
L,298.5,327.4444444,1861,26.9,130
L,301.4,331.8888889,1477,50.4,90
M,297.6,323.0,1507,46.0,51
M,302.9,337.8148148,1421,46.0,206
H,297.9,320.037037,1493,36.0,161
L,301.4,332.2592593,1440,45.4,177
L,301.0,332.2592593,1515,37.3,6
M,301.0,332.2592593,2047,17.9,178
L,300.4,335.2222222,1444,51.2,174
H,297.7,327.4444444,1697,32.2,210
L,300.7,332.2592593,1723,31.0,73
M,297.6,326.3333333,1415,41.3,17
L,300.6,329.2962963,1337,45.8,62
L,298.8,323.7407407,1535,41.2,40
L,304.2,341.5185185,1434,42.5,175
L,298.9,329.6666667,1304,57.2,183
L,301.2,335.2222222,1463,48.3,204
L,297.9,320.037037,1515,40.5,118
L,300.8,331.8888889,1634,29.2,149
M,301.4,331.5185185,1459,37.7,40
L,298.5,325.962963,1504,33.7,182
M,301.0,327.4444444,1588,32.7,138
L,301.6,331.8888889,1535,35.4,148
L,303.0,333.7407407,2194,16.5,148
L,300.9,330.7777778,2288,16.1,85
L,297.0,320.037037,1575,37.4,98
L,300.7,335.962963,1485,38.8,9
M,302.7,336.3333333,1652,31.0,81
L,300.0,327.4444444,1496,38.8,27
L,298.0,320.037037,1509,41.6,33
M,298.6,323.0,1391,42.4,169
L,301.2,328.5555556,1515,40.9,21
H,297.3,323.7407407,1499,37.6,147
M,300.3,335.2222222,1723,28.3,193
M,301.7,331.1481481,1417,45.2,185
L,301.7,331.5185185,1605,33.3,220
L,298.9,329.6666667,1533,42.8,138
L,298.5,326.7037037,1364,44.5,162
L,300.4,334.8518519,1200,76.6,3
M,297.0,321.1481481,1493,34.7,57
L,300.4,334.1111111,1728,31.7,133
L,301.5,331.1481481,1405,42.3,83
M,300.9,331.8888889,1790,26.2,191
L,302.3,332.6296296,1609,31.0,190
L,299.5,325.962963,1499,41.5,175
L,300.8,331.5185185,1586,33.4,142
L,297.6,324.1111111,1552,42.3,27
L,298.6,329.2962963,1533,33.9,24
M,300.6,326.7037037,1312,45.2,73
M,302.5,330.037037,1488,41.8,160
L,300.2,328.1851852,1526,45.6,175
L,300.7,327.0740741,1692,30.3,64
L,301.1,329.2962963,1540,36.6,28
L,302.2,333.0,1418,47.0,61
L,302.0,333.0,1373,55.7,157
M,303.7,339.6666667,1532,41.3,32
L,303.4,335.5925926,1401,53.0,208
M,299.0,324.1111111,1620,35.4,199
M,300.3,325.962963,1364,47.6,45
M,298.3,320.4074074,1439,43.8,111
H,302.0,331.1481481,1346,54.7,196
L,301.8,332.2592593,1899,24.7,31
L,299.3,325.2222222,1422,47.3,25
L,300.8,331.1481481,1551,34.5,153
L,299.7,333.0,1690,30.6,148
L,301.0,337.0740741,1776,28.8,138
M,301.3,331.8888889,1372,54.2,49
L,298.6,326.7037037,1447,40.2,173
L,300.7,327.0740741,1467,44.3,55
L,301.6,331.1481481,1391,49.4,164
M,303.9,341.5185185,1464,49.1,171
M,298.7,329.2962963,1506,50.7,53
H,295.9,315.962963,1594,33.2,55
H,297.4,324.1111111,1429,37.6,118
M,299.0,330.037037,1582,33.3,177
L,301.6,332.2592593,1643,34.1,44
M,298.7,328.5555556,2083,18.2,205
L,301.4,331.1481481,1381,46.1,70
H,300.0,325.2222222,1622,31.8,103
H,297.5,324.1111111,1416,39.2,74
L,299.1,323.3703704,1539,46.8,190
L,302.3,333.3703704,1903,22.9,55
L,297.6,324.1111111,1622,37.9,79
L,298.8,327.8148148,1529,44.0,136
L,298.0,323.0,1472,42.0,15
M,300.3,334.8518519,1304,62.8,118
M,303.4,334.8518519,1446,50.0,163
L,302.4,333.3703704,1450,47.9,154
L,297.5,323.0,1511,42.8,209
L,297.4,323.3703704,1399,61.5,61
L,301.0,331.8888889,1558,34.9,196
L,298.6,327.4444444,1353,62.5,9
M,303.5,339.2962963,1375,45.7,89
L,297.5,324.1111111,1429,44.3,201
L,298.3,323.3703704,1575,41.2,105
M,296.1,318.1851852,1485,36.0,169
M,298.1,324.4814815,1434,41.8,93
L,298.0,322.2592593,1442,44.1,204
L,300.5,332.6296296,2074,18.9,9
L,298.9,327.4444444,1583,39.8,202
L,298.8,327.0740741,1645,32.8,157
H,301.2,330.7777778,1505,43.6,78
H,299.8,327.8148148,1368,47.4,148
M,299.1,329.6666667,1711,28.1,17
M,298.9,328.5555556,1501,37.1,70
L,297.8,323.0,1685,28.4,179
L,298.4,321.8888889,1367,57.8,92
M,299.8,333.0,1452,44.3,167
L,304.0,341.1481481,1294,54.6,102
L,298.3,325.5925926,1472,40.1,31
L,297.5,323.0,1489,39.5,96
M,301.1,331.1481481,1310,48.8,103
L,301.0,336.7037037,1377,49.9,48
L,299.5,328.9259259,1412,48.9,56
M,297.1,323.0,1583,38.2,150
L,301.0,336.3333333,1447,36.8,31
L,301.9,331.8888889,1540,37.6,83
L,298.0,322.2592593,1365,52.9,218
L,298.2,321.8888889,1532,42.5,154
M,300.1,327.4444444,1376,52.1,147
L,299.1,324.4814815,1329,53.6,207
M,299.0,325.2222222,1575,35.3,47
L,301.5,331.1481481,1579,28.0,220
L,300.7,331.8888889,1534,41.3,69
L,296.3,318.5555556,1646,35.0,192
L,301.5,332.2592593,1451,40.6,0
L,299.0,330.037037,1584,34.4,83
L,298.3,321.1481481,1507,41.2,149
H,303.3,333.7407407,1502,39.5,38
L,299.6,332.6296296,1708,31.0,122
L,299.5,326.3333333,1477,40.4,138
L,300.2,330.037037,1445,50.9,34
L,301.9,332.2592593,1616,34.5,46
L,297.4,321.8888889,1749,25.9,8
L,297.7,323.0,1510,38.6,72
M,300.7,327.4444444,1421,49.8,165
L,297.7,327.8148148,1591,37.7,196
L,297.5,323.7407407,1621,28.9,0
M,297.4,324.1111111,1425,50.3,152
L,298.9,329.2962963,1473,42.6,164
L,301.4,331.5185185,1675,30.7,92
L,302.5,335.962963,1520,44.9,94
L,300.8,331.1481481,1666,36.2,144
M,299.5,331.8888889,1507,40.2,156
L,300.7,335.5925926,1478,41.9,207
M,299.0,324.1111111,1500,40.2,30
H,297.6,322.2592593,2071,18.5,144
L,301.7,332.6296296,1700,28.7,19
L,298.2,321.1481481,1551,34.1,190
L,303.3,335.5925926,1315,62.0,42
M,301.1,332.6296296,1413,46.6,30
L,301.2,332.2592593,1597,37.9,164
H,300.9,331.5185185,1656,30.7,200
L,297.4,326.7037037,1620,35.4,51
L,300.0,328.9259259,1486,41.8,69
M,298.9,328.9259259,1487,36.6,129
M,303.7,337.8148148,1642,32.3,206
H,298.8,328.1851852,1437,48.2,164
L,300.5,332.6296296,1759,28.3,13
L,301.2,332.2592593,1416,53.3,66
L,300.3,325.962963,1462,51.4,48
L,297.3,323.7407407,1586,37.7,155
L,298.5,328.9259259,1492,41.2,19
L,299.1,325.2222222,1450,43.0,40
M,302.2,333.3703704,1471,41.9,166
M,301.4,331.5185185,1375,42.0,168
M,298.3,324.8518519,1363,46.1,5
L,298.6,325.962963,2035,19.6,40
L,302.6,335.962963,1397,46.9,82
H,297.7,327.8148148,1440,51.1,191
L,298.0,322.6296296,1544,34.7,213
M,298.2,321.1481481,1529,36.6,105
L,302.7,337.0740741,1369,51.8,174
H,301.1,332.6296296,1339,52.8,194
M,301.9,327.8148148,1533,35.9,204
L,303.6,337.8148148,1418,46.0,128
L,302.8,338.1851852,1462,43.4,68
L,303.8,339.6666667,1819,23.7,16
L,302.0,331.8888889,1902,23.4,188
M,298.8,327.4444444,1693,33.3,170
M,300.8,338.5555556,1588,35.6,114
L,298.4,324.1111111,1588,35.0,99
L,299.3,325.5925926,1493,38.0,151
L,300.7,333.3703704,1457,51.4,61
M,298.4,325.962963,1414,46.4,128
M,299.4,324.1111111,1289,60.5,104
M,298.6,327.0740741,1568,36.7,182
L,302.1,331.1481481,1459,47.6,93
L,299.9,325.962963,1761,25.6,115
L,299.3,330.4074074,1629,32.6,177
L,298.6,327.4444444,1611,35.7,23
M,297.5,324.1111111,1546,38.0,123
M,301.7,328.5555556,1533,40.9,106
M,300.8,335.962963,1761,29.0,113
H,299.0,329.6666667,1637,38.0,68
L,301.5,329.2962963,1541,42.2,52
L,300.4,328.5555556,1567,36.5,72
M,297.2,324.1111111,1398,38.1,88
M,301.6,331.8888889,1343,49.5,140
H,302.7,334.4814815,1556,35.0,164
L,303.5,336.7037037,1326,55.7,114
M,300.6,327.8148148,1428,42.6,23
L,300.4,327.4444444,1379,54.5,122
L,298.0,324.4814815,1610,33.7,212
L,300.3,335.2222222,1682,27.8,178
L,301.6,331.5185185,1494,39.5,24
L,299.5,328.9259259,1349,52.7,92
M,300.3,327.4444444,1509,46.6,95
M,299.6,326.7037037,1283,62.1,83
L,298.9,329.6666667,1705,32.5,63
L,301.4,330.4074074,1639,28.9,94
L,302.6,336.3333333,1674,32.2,70
M,300.5,336.3333333,1382,54.1,27
M,300.8,332.6296296,1580,36.6,109
L,296.8,320.7777778,1573,36.4,126
L,298.2,322.6296296,2216,16.8,139
L,297.0,320.037037,1513,42.4,124
L,302.3,335.2222222,1544,43.2,128
L,298.3,328.9259259,1507,44.7,73
L,302.5,330.4074074,1967,20.3,50
M,300.9,330.7777778,1444,43.2,27
L,297.3,321.8888889,1642,36.9,206
M,301.4,332.2592593,1557,39.3,174
L,302.5,329.6666667,1563,34.8,150
L,303.4,335.962963,1434,44.6,78
M,299.3,323.3703704,1305,60.6,44
H,301.0,332.2592593,1916,22.0,42
L,300.0,327.4444444,1526,46.4,150
L,296.8,321.1481481,1448,48.8,31
L,298.3,323.3703704,1416,52.7,151
M,298.5,324.1111111,1347,48.5,33
M,301.0,327.8148148,1288,58.4,162
L,299.9,325.962963,1624,34.6,105
L,301.8,331.8888889,1546,43.4,29
L,301.5,332.2592593,2760,8.0,15
M,298.5,326.3333333,1465,42.4,173
L,298.6,327.4444444,1715,28.4,90
L,300.4,334.1111111,1936,23.9,131
M,300.5,328.9259259,1580,37.0,181
L,302.6,337.0740741,1520,43.0,208
L,296.5,318.9259259,1566,37.2,164
L,302.6,332.6296296,1520,42.8,148
L,302.2,334.4814815,1744,31.2,172
L,298.4,321.1481481,1446,45.3,23
M,297.5,321.5185185,1429,45.8,148
L,300.6,329.2962963,1485,49.9,19
L,302.0,329.2962963,1409,50.4,172
M,300.2,328.5555556,1569,31.2,176
M,300.5,336.3333333,1263,60.8,146
L,300.5,328.1851852,1367,54.0,129
L,299.8,325.5925926,1668,30.3,200
M,297.6,323.0,1391,51.9,218
L,297.4,323.0,1426,50.4,70
H,298.0,321.5185185,1520,39.6,51
H,297.1,322.2592593,1527,42.2,199
L,299.9,333.7407407,1522,45.7,153
L,301.8,332.6296296,1651,32.5,195
L,300.7,328.1851852,1406,48.4,151
L,297.7,318.5555556,1392,43.0,197
L,300.5,330.4074074,1702,33.1,71
H,303.4,337.4444444,1522,42.1,62
L,299.8,325.962963,1760,25.9,63
M,300.7,330.037037,1659,29.8,6
L,300.7,335.5925926,1420,47.0,119
L,302.4,333.7407407,1503,38.2,120
M,298.1,321.5185185,2129,18.4,45
L,300.2,334.8518519,1322,50.9,215
M,299.4,325.5925926,1440,50.0,134
M,297.9,325.5925926,1488,37.3,30
H,300.8,330.7777778,1559,40.1,220
M,298.3,324.4814815,1391,50.4,13
L,298.2,321.5185185,1538,38.2,59
L,297.2,321.1481481,1326,75.4,172
L,301.2,331.5185185,1951,21.3,44
M,303.3,335.5925926,1536,40.6,205
H,303.6,338.9259259,1403,46.2,57
M,297.1,321.8888889,1506,37.7,210
L,297.6,326.3333333,1543,34.3,8
L,303.7,337.8148148,1348,51.0,152
L,298.7,325.2222222,1565,35.1,152
H,297.9,323.0,1637,34.5,191
L,298.2,320.4074074,1459,44.5,89
L,299.7,325.962963,1411,46.1,173
L,299.1,331.1481481,1796,26.0,90
H,302.2,335.5925926,1330,62.4,31
M,298.2,324.4814815,1626,40.4,20
L,300.5,330.7777778,1409,60.9,73
L,300.0,325.962963,1610,32.1,150
H,299.2,329.2962963,1542,36.1,5
L,301.8,331.1481481,1522,43.8,70
L,299.6,329.2962963,1487,42.9,42
H,301.4,331.5185185,1536,44.4,96
L,301.5,331.5185185,1686,27.9,135
L,303.1,333.3703704,1628,35.2,23
L,300.0,334.4814815,1455,41.7,130
M,297.9,320.4074074,1527,42.8,125
H,302.2,333.0,1628,30.6,105
L,299.4,325.2222222,1660,28.4,139
L,302.8,337.8148148,1392,46.2,70
L,298.2,320.7777778,1521,42.9,60
L,297.7,324.1111111,1694,29.1,102
M,302.9,337.4444444,1809,25.0,180
M,300.6,331.5185185,1388,42.9,190
L,300.8,327.4444444,1498,45.8,47
H,297.3,323.7407407,1376,53.5,112
L,304.0,340.7777778,1615,37.8,127
L,301.9,331.8888889,1525,43.2,62
L,298.1,325.2222222,1592,33.9,85
L,299.9,334.1111111,1596,28.9,160
M,295.6,315.2222222,1426,45.5,53
L,298.8,331.1481481,1602,39.1,211
M,298.5,324.4814815,1553,34.9,18
L,298.5,322.2592593,1451,47.5,18
L,302.8,337.4444444,1473,42.6,232
H,300.4,334.1111111,1427,50.7,122
L,302.2,334.8518519,1416,54.1,48
L,298.2,324.4814815,1666,31.5,30
M,301.1,330.7777778,1309,60.7,100
L,300.5,334.8518519,1444,49.3,92
L,298.8,328.9259259,2098,19.6,148
H,300.4,334.8518519,1715,30.8,203
L,299.1,329.6666667,1425,52.7,154
L,303.7,340.4074074,1355,49.1,188
M,300.8,333.3703704,1488,40.1,87
L,299.9,334.1111111,1627,36.7,118
L,301.0,332.6296296,1402,55.3,98
M,301.3,334.1111111,1838,23.2,215
M,297.5,324.8518519,1280,48.5,19
M,298.8,324.4814815,1497,46.8,72
L,299.4,326.3333333,1525,41.5,30
L,300.9,330.4074074,1788,27.8,90
M,299.6,325.2222222,1736,26.1,146
H,300.0,326.7037037,1498,38.5,37
L,298.8,329.6666667,1814,26.8,204
L,298.6,326.7037037,1440,48.2,136
L,299.8,327.0740741,1590,28.5,23
H,300.4,327.0740741,1547,50.7,131
M,298.5,326.7037037,1521,37.5,94
L,298.4,327.0740741,2153,15.3,98
L,303.7,338.9259259,1989,22.4,166
H,302.3,334.1111111,1443,44.1,51
M,304.2,341.5185185,1411,54.8,44
L,302.3,335.962963,1434,51.9,173
L,300.4,334.1111111,1424,44.6,127
L,298.2,320.7777778,1429,46.9,117
M,297.3,323.0,1665,28.9,17
L,303.4,337.4444444,1680,30.6,67
L,298.5,328.1851852,1468,40.9,157
M,300.9,329.6666667,1533,38.1,137
M,298.7,325.5925926,1423,49.5,200
H,300.9,333.7407407,1295,58.9,77
M,297.5,323.7407407,1472,44.9,198
L,299.4,330.7777778,1372,46.3,173
M,298.8,328.5555556,1741,27.7,50
L,303.8,339.6666667,1573,34.6,14
M,300.9,336.3333333,1447,41.4,193
L,302.3,332.6296296,1561,37.2,180
M,301.0,331.1481481,1698,27.3,14
L,298.9,330.037037,1436,39.0,32
L,300.1,330.7777778,1532,36.0,109
L,299.6,329.6666667,1627,36.6,17
L,302.5,329.6666667,1329,50.6,148
L,300.5,333.7407407,1475,46.3,49
L,300.5,330.7777778,1646,34.5,63
L,299.0,328.9259259,1509,38.0,168
L,301.8,333.3703704,1334,52.3,68
L,297.4,323.7407407,1678,32.3,180
M,297.6,323.3703704,1466,39.7,34
L,299.6,325.2222222,1413,48.5,153
L,297.9,323.7407407,2262,15.7,125
L,303.1,339.2962963,1465,44.1,109
L,303.4,337.0740741,1656,32.7,195
M,303.4,334.4814815,1817,24.7,125
L,301.0,335.2222222,1670,31.3,150
L,298.9,328.1851852,1616,36.5,110
M,298.1,324.4814815,2206,16.3,195
L,302.2,334.4814815,1346,52.4,157
L,298.2,323.0,1355,49.4,209
H,300.9,327.0740741,1469,43.4,126
L,298.8,321.8888889,1472,53.5,28
M,304.1,340.7777778,2028,18.9,45
L,301.0,330.7777778,1408,47.0,202
L,295.6,315.2222222,1636,32.7,56
L,297.2,321.1481481,1580,35.8,140
L,302.4,329.2962963,1556,32.9,132
H,298.7,328.1851852,1422,40.7,85
L,301.0,332.6296296,1804,25.8,174
L,302.7,331.5185185,1977,20.0,21
L,300.0,327.0740741,1925,21.9,9
H,298.8,325.962963,1425,53.9,135
M,298.1,322.2592593,1736,26.8,27
L,299.2,325.2222222,1515,48.9,228
L,301.2,332.6296296,1596,37.2,219
L,302.4,335.2222222,1495,36.8,215
H,301.0,328.9259259,1212,67.9,30
L,300.0,329.6666667,1675,29.7,64
M,300.2,330.037037,1478,38.1,45
L,298.2,322.2592593,1436,50.2,43
L,300.3,327.0740741,1474,38.7,35
L,300.2,329.2962963,1649,30.5,43
M,299.3,324.8518519,1767,24.8,196
L,300.3,334.4814815,1548,32.2,25
L,300.6,330.4074074,2007,19.8,116
L,302.4,335.2222222,1721,26.9,112
M,300.7,328.9259259,1641,34.6,178
L,301.6,333.0,1680,29.2,111
M,300.3,328.9259259,1409,43.2,9
L,301.5,331.8888889,1593,34.5,162
L,297.9,323.3703704,1519,34.3,61
M,300.7,331.5185185,1343,51.6,211
L,303.4,335.962963,1771,31.6,202
L,298.3,321.5185185,2886,3.8,57
L,299.5,328.9259259,1379,50.4,85
M,303.8,339.6666667,1594,35.2,69
L,296.8,319.6666667,1474,42.4,107
L,298.4,327.0740741,1357,50.1,125
L,300.9,331.1481481,1538,36.7,3
M,303.3,338.9259259,1642,33.6,104
L,296.9,320.7777778,1425,49.1,163
H,298.8,328.5555556,1439,45.2,40
M,299.7,330.7777778,1492,39.3,131
L,301.0,334.1111111,1478,39.5,75
L,302.9,337.0740741,1571,40.6,139
M,300.7,332.6296296,1378,41.2,93
M,299.1,324.4814815,1491,41.0,209
H,303.6,335.2222222,1476,40.1,85
L,298.6,328.9259259,1334,48.0,42
M,301.9,332.6296296,1432,41.5,51
M,297.7,324.4814815,1388,45.6,190
L,303.5,340.037037,1606,34.0,126
L,297.0,320.4074074,1731,28.5,186
L,301.1,331.5185185,1376,49.1,0
L,300.9,337.8148148,1364,52.5,125
H,297.4,326.3333333,1365,52.4,76
H,298.8,329.2962963,1704,30.7,150
M,299.2,324.8518519,1573,37.4,212
H,299.1,331.1481481,1332,48.0,148
H,300.5,334.8518519,1506,36.2,10
L,297.4,323.0,1525,38.7,62
L,301.1,333.7407407,1622,35.6,34
L,301.4,331.1481481,1481,37.6,77
M,297.2,323.3703704,1611,31.6,197
M,299.5,325.962963,1497,40.9,169
L,301.7,331.5185185,1318,55.0,194
H,298.2,321.1481481,1491,39.7,181
M,298.1,324.1111111,1547,38.9,0
L,299.1,330.7777778,1471,38.4,146
L,299.7,325.962963,1326,64.8,71
L,300.3,335.5925926,1548,33.0,16
L,301.5,331.1481481,1962,20.2,124
M,302.2,333.7407407,1375,47.0,98
L,302.0,328.9259259,1832,22.9,178
M,298.7,329.6666667,1598,33.3,36
L,298.4,323.7407407,1569,34.4,160
M,301.4,331.5185185,1692,32.3,5
L,301.4,330.4074074,1301,51.2,112
L,297.7,324.4814815,1515,40.1,82
L,297.8,319.6666667,1391,48.6,109
L,302.6,331.8888889,1486,36.4,160
M,300.2,334.8518519,1608,35.0,212
L,300.4,327.4444444,1553,43.9,75
L,299.4,325.962963,1569,40.8,73
L,302.4,333.3703704,1404,52.0,57
L,297.9,320.4074074,1537,37.7,15
M,301.4,330.037037,1610,29.1,166
M,301.0,331.8888889,1533,39.3,194
M,298.6,327.4444444,1344,59.4,200
H,301.3,332.6296296,1341,59.3,134
L,300.5,334.8518519,1730,30.2,106
L,298.6,328.5555556,1556,38.6,36
L,301.7,329.6666667,1686,28.9,59
H,301.9,331.8888889,1455,42.7,85
M,300.9,332.2592593,1727,30.1,102
L,299.6,331.8888889,1393,49.9,78
M,298.8,328.9259259,1529,38.5,77
M,302.7,335.5925926,1728,30.0,12
L,302.3,333.3703704,1549,40.6,66
L,298.8,325.5925926,1489,49.1,128
L,297.9,320.4074074,1492,43.7,59
L,301.2,328.9259259,1618,37.6,32
M,298.2,326.7037037,1693,34.4,73
H,299.7,325.962963,1468,49.6,132
H,297.5,323.0,1587,36.1,98
L,298.3,324.4814815,1645,30.4,33
M,297.4,323.7407407,1604,32.8,85
M,300.3,335.2222222,1447,36.8,0
L,297.6,325.2222222,1487,45.4,64
L,302.8,331.1481481,1671,30.5,201
L,299.2,323.3703704,1387,51.1,98
L,297.7,320.037037,1844,21.9,61
L,300.3,325.962963,1807,26.4,169
L,300.6,332.2592593,1344,46.7,133
L,301.7,328.1851852,1491,39.3,114
H,296.6,319.2962963,1333,50.2,177
L,297.6,322.6296296,1742,27.7,13
M,302.4,329.2962963,1520,36.6,97
H,302.2,328.9259259,1468,43.6,38
M,296.3,319.2962963,1335,50.5,48
M,300.4,327.4444444,1614,30.3,161
M,297.7,318.5555556,1405,43.7,2
L,300.8,334.1111111,1316,57.6,43
L,302.7,330.4074074,1542,35.7,38
L,298.1,320.037037,1498,42.9,171
L,300.8,335.2222222,1578,31.4,219
M,300.5,327.8148148,1389,43.3,9
L,297.5,324.1111111,1761,26.2,164
L,297.0,321.1481481,1296,69.1,153
L,300.1,334.1111111,1418,47.7,73
L,301.3,329.2962963,1355,53.6,193
M,299.6,329.2962963,1357,48.7,96
M,303.0,333.0,1526,37.3,176
L,299.0,324.1111111,1396,48.6,0
L,302.7,336.7037037,1728,24.4,146
L,301.4,333.7407407,1397,42.3,48
M,299.3,324.1111111,1420,50.3,208
M,301.2,332.2592593,1359,50.8,118
M,298.9,328.9259259,1561,45.3,58
M,298.5,321.5185185,1519,37.3,29
L,300.7,330.7777778,1536,47.4,192
L,301.4,331.8888889,1740,29.2,110
L,298.4,326.7037037,1461,46.3,121
M,303.5,339.6666667,1530,34.5,110
L,300.9,330.7777778,1599,40.5,57
L,298.2,321.5185185,1499,44.1,166
L,300.6,334.8518519,1455,48.0,203
L,300.5,334.4814815,1708,31.2,57
L,303.2,338.5555556,1601,35.3,148
L,300.3,330.4074074,1672,29.2,39
M,299.7,325.962963,1412,45.3,205
M,300.5,335.962963,1730,27.5,209
L,298.6,322.2592593,1705,26.3,177
M,297.5,326.7037037,1482,39.3,112
H,301.2,331.5185185,1747,27.3,35
H,301.6,330.7777778,1786,27.1,35
L,299.7,333.3703704,1835,23.7,183
L,297.0,320.7777778,1396,50.0,96
L,300.0,329.6666667,1760,26.9,193
L,300.8,335.2222222,1655,32.2,12
L,302.0,330.7777778,1263,60.6,90
H,297.0,321.8888889,1517,41.4,222
M,299.2,323.7407407,1631,35.4,64
L,301.7,329.6666667,1311,57.4,40
L,299.0,324.4814815,1405,55.2,103
L,301.1,333.3703704,1555,35.3,172
M,301.5,331.5185185,1454,39.4,17
L,301.8,330.037037,1765,27.3,29
L,297.7,324.8518519,1715,27.2,193
L,298.1,320.4074074,1705,29.1,109
L,300.9,330.4074074,2021,18.8,30
H,302.8,332.6296296,1436,43.5,47
L,297.8,322.6296296,1435,50.1,189
M,301.0,330.4074074,1665,30.9,177
M,299.0,330.037037,1689,29.7,101
L,301.0,332.2592593,1813,28.5,197
M,300.9,326.7037037,1724,25.6,119
M,302.9,332.6296296,1402,40.7,52
L,299.9,333.7407407,1429,58.2,103
L,297.9,321.1481481,1426,43.6,89
M,299.7,327.4444444,1477,42.7,163
L,297.4,321.8888889,1474,39.4,20
L,301.6,332.6296296,1431,42.6,158
H,299.8,331.1481481,1423,44.6,116
M,303.5,337.8148148,1606,30.1,98
M,297.8,326.7037037,1226,58.7,129
L,302.6,330.7777778,1450,43.2,68
M,302.6,329.6666667,2676,10.8,84
L,301.3,332.2592593,1566,33.1,82
M,302.3,334.4814815,1674,30.0,12
L,303.4,338.5555556,1462,37.5,118
M,298.9,330.7777778,1525,38.5,27
M,300.3,329.6666667,1442,39.5,4
L,298.5,328.9259259,1435,42.5,25
M,303.7,340.037037,1303,54.4,2
L,302.0,330.7777778,1635,39.8,99
L,300.9,336.3333333,1493,38.7,217
L,300.8,336.7037037,1505,41.3,173
M,298.7,327.0740741,1500,38.8,116
M,304.0,340.4074074,1450,42.8,101
M,297.6,325.2222222,1427,45.6,179
L,301.5,331.8888889,1512,38.9,9
M,301.2,332.2592593,1424,45.2,68
L,298.8,330.7777778,1464,46.4,207
L,297.2,321.5185185,1705,26.0,200
L,299.2,324.8518519,1342,50.8,195
L,300.4,326.3333333,1525,39.6,202
M,300.8,330.037037,1270,61.0,54
L,300.7,327.4444444,1810,26.0,195
L,299.6,331.5185185,1922,23.3,205
L,300.4,327.4444444,1386,56.9,170
M,299.5,326.7037037,1387,56.2,32
L,297.5,323.0,1604,38.1,106
M,298.6,328.5555556,1517,34.0,215
M,301.8,332.6296296,1393,49.5,168
M,298.9,322.2592593,1328,49.2,11
L,303.7,339.2962963,1543,38.3,61
L,303.9,340.037037,1408,47.5,76
M,302.5,330.4074074,1580,35.6,176
L,299.8,326.3333333,1386,49.4,116
M,303.3,335.5925926,1583,33.3,72
L,302.3,333.3703704,1297,62.5,109
L,300.1,326.7037037,1858,23.6,26
L,302.3,334.8518519,1665,34.3,139
L,298.0,320.7777778,1453,37.7,119
L,298.0,324.8518519,1508,37.1,92
L,297.1,323.3703704,1323,44.4,207
L,301.5,332.2592593,1600,39.0,160
L,299.8,328.9259259,1361,53.8,167
M,303.3,338.1851852,1674,32.7,76
L,298.5,321.5185185,1404,48.1,32
L,298.1,324.8518519,2136,15.9,78
L,300.3,330.037037,1362,60.3,206
L,301.0,330.4074074,1476,43.6,173
L,302.8,337.4444444,1366,49.1,221
M,298.6,325.5925926,1487,43.2,206
L,297.1,323.0,1304,53.5,153
L,300.5,330.7777778,1515,36.6,54
M,298.5,325.962963,1449,46.4,83
L,302.9,333.3703704,1634,36.9,71
L,303.1,337.8148148,1407,41.2,107
L,303.4,338.9259259,1589,34.0,116
L,297.8,320.7777778,1573,37.9,33
L,297.5,324.1111111,1454,45.0,19
L,300.8,329.6666667,1514,40.0,155
L,297.7,325.2222222,1874,24.4,28
L,303.2,337.8148148,1663,33.7,71
L,297.7,325.962963,1365,58.6,170
L,297.1,321.8888889,1754,30.3,206
L,301.1,334.8518519,1488,43.4,5
L,298.1,322.6296296,1331,63.0,13
M,296.9,320.7777778,1544,40.3,150
M,299.1,331.1481481,1397,49.5,165
L,301.0,334.4814815,1559,31.8,195
L,297.4,323.7407407,1439,51.9,188
M,302.1,334.4814815,1635,31.6,23
L,300.0,329.6666667,1486,36.4,66
L,298.0,320.4074074,1435,45.6,184
L,302.3,331.5185185,1402,50.9,157
H,301.4,333.0,1445,41.4,144
M,300.0,333.7407407,1629,32.1,55
M,300.6,331.1481481,1403,50.4,64
M,297.6,323.3703704,1552,40.9,90
L,297.4,325.2222222,1324,56.9,173
M,302.5,334.1111111,1636,35.0,157
M,300.0,329.6666667,1393,51.2,190
M,301.7,331.8888889,1594,32.4,204
M,297.1,323.0,1502,37.3,181
L,300.5,327.0740741,1379,55.6,2
L,303.7,340.4074074,1683,28.4,46
M,299.7,330.7777778,1490,41.2,126
L,298.7,328.5555556,1651,29.5,42
M,302.4,332.6296296,1580,36.5,64
H,297.8,318.9259259,1555,35.8,190
L,300.7,332.6296296,1596,36.9,174
H,298.8,328.1851852,1510,44.2,35
L,299.1,329.2962963,1367,45.6,44
L,297.5,323.3703704,1375,55.6,128
M,302.5,330.7777778,1918,21.6,131
L,297.1,323.0,1693,29.5,100
M,301.8,332.2592593,1358,52.3,56
L,302.4,330.4074074,1865,23.9,129
H,304.1,340.7777778,1590,43.4,52
L,299.9,327.0740741,1451,39.4,18
M,302.5,334.4814815,1358,52.7,139
M,298.1,324.8518519,1335,50.4,110
H,298.8,330.7777778,1294,55.8,202
M,300.5,333.0,1296,61.3,202
M,302.5,336.3333333,1436,43.5,184
L,300.6,330.037037,1794,24.4,211
M,303.6,335.962963,1617,36.0,95
L,302.8,333.0,1456,36.1,89
L,300.5,328.1851852,1939,21.4,164
L,299.9,333.7407407,1535,38.1,160
H,296.4,318.9259259,1540,37.4,75
L,297.3,322.6296296,1590,35.5,59
H,300.6,326.7037037,1691,28.0,36
L,297.6,323.7407407,1744,28.5,42
H,299.4,326.3333333,1743,28.2,0
L,300.2,335.2222222,1493,48.3,167
L,302.6,337.4444444,1512,34.2,44
M,297.5,323.3703704,1496,42.2,22
L,296.9,320.7777778,1557,38.1,135
L,303.2,334.1111111,1349,51.1,9
M,301.2,328.9259259,1625,31.6,173
M,300.2,327.8148148,1413,43.0,137
H,300.3,334.8518519,1339,53.4,123
H,301.9,332.6296296,1672,29.9,13
M,297.5,322.6296296,1622,37.2,103
M,302.3,331.5185185,1559,33.9,119
L,300.5,326.3333333,1465,46.0,89
M,301.8,327.4444444,1436,49.0,214
L,301.7,331.1481481,1513,41.1,64
M,301.2,328.5555556,1456,50.8,15
L,298.9,324.1111111,1438,51.7,64
M,301.3,328.9259259,1593,30.8,210
L,300.9,331.8888889,1571,39.9,51
M,302.2,335.2222222,1653,31.4,2
L,297.4,323.7407407,1446,48.1,88
M,297.4,323.7407407,1657,33.1,156
L,302.8,331.1481481,2016,19.9,199
L,298.8,329.6666667,1504,41.0,51
H,298.5,326.7037037,2011,21.0,59
L,299.0,323.7407407,1734,32.4,161
L,302.6,330.7777778,1748,28.2,2
L,302.9,337.0740741,1367,55.1,50
M,298.1,321.1481481,1377,55.1,42
M,298.1,321.1481481,1303,53.9,52
L,298.4,323.3703704,1490,37.9,110
L,303.3,334.1111111,1510,37.3,36
H,302.4,333.3703704,1506,40.8,204
L,299.0,329.6666667,1432,42.2,87
L,295.9,316.7037037,1547,40.9,107
H,297.5,326.3333333,1459,49.7,201
L,297.3,322.6296296,1519,37.7,45
M,301.3,330.4074074,2093,18.7,190
L,297.3,321.8888889,1763,28.4,54
L,299.1,324.4814815,1502,38.3,88
L,303.3,338.5555556,1623,34.6,102
L,301.5,330.7777778,1644,34.9,186
L,298.1,321.1481481,1665,32.0,7
L,298.1,320.7777778,1761,28.2,76
H,303.4,337.4444444,1769,27.9,40
L,300.3,327.4444444,1468,44.7,179
L,297.1,323.0,1488,42.5,146
L,299.4,324.8518519,1583,34.1,176
M,302.1,331.1481481,1421,52.0,95
L,300.6,330.4074074,1457,47.7,120
L,299.5,331.8888889,1283,52.4,112
L,299.6,331.8888889,1507,42.4,108
L,299.4,325.962963,1556,35.7,75
L,300.5,327.8148148,1560,30.2,139
H,300.5,328.9259259,1495,47.4,184
M,300.5,334.8518519,1577,36.5,4
L,302.5,334.4814815,1493,35.1,131
M,299.3,325.962963,1586,37.9,129
H,304.0,340.4074074,1472,45.5,166
L,303.7,337.0740741,1619,34.9,92
M,302.2,331.8888889,1408,46.8,49
L,302.6,330.7777778,1596,32.8,193
M,304.1,341.1481481,1480,38.4,72
M,297.4,323.0,1675,29.5,59
L,297.9,320.4074074,1517,44.4,67
M,300.3,335.962963,1677,30.8,48
L,300.7,331.5185185,1442,43.2,49
L,298.0,320.037037,1450,48.7,138
L,296.7,321.1481481,1690,29.6,119
L,299.0,324.8518519,1622,31.9,42
L,300.0,325.2222222,1709,32.1,79
L,297.8,323.0,1612,32.1,183
L,300.2,329.2962963,1523,42.3,25
L,302.2,334.1111111,1609,32.1,41
L,297.3,322.6296296,1396,45.9,64
L,297.9,325.2222222,1450,46.8,118
M,301.7,331.5185185,1627,31.3,78
L,297.4,325.962963,1437,40.4,117
M,300.9,331.5185185,1420,43.0,133
L,303.6,335.5925926,1222,66.8,148
L,297.6,325.962963,1611,33.1,155
L,297.5,323.7407407,1671,29.4,136
H,301.0,330.4074074,1512,44.9,86
M,302.7,336.7037037,1378,46.9,176
L,303.8,339.2962963,1503,40.0,154
M,303.9,340.7777778,1350,47.2,2
L,302.5,333.0,1499,38.8,135
H,300.6,335.2222222,1500,36.7,17
L,302.0,330.7777778,1651,30.9,146
L,298.1,322.2592593,1485,40.7,57
M,303.3,336.7037037,1693,30.0,80
M,302.4,333.0,1366,54.4,0
L,302.9,337.0740741,1513,37.8,92
L,300.7,330.4074074,1234,51.7,160
H,298.3,321.5185185,1637,30.8,2
L,302.0,330.4074074,1448,43.4,167
L,297.5,323.7407407,1585,37.6,2
L,300.8,335.2222222,1490,46.4,217
L,301.9,330.4074074,1884,23.4,163
H,303.5,334.4814815,1629,33.5,73
L,297.4,323.7407407,1532,38.7,136
L,298.9,329.2962963,1587,30.2,162
M,298.4,324.1111111,1584,31.7,117
L,300.0,325.962963,1444,43.6,123
H,297.9,325.962963,1577,34.7,5
L,300.4,329.2962963,1614,33.5,191
H,300.6,326.7037037,1555,37.9,24
M,298.5,327.4444444,1509,47.3,2
L,298.9,328.9259259,1452,48.9,185
M,297.5,323.3703704,1662,30.3,26
M,301.7,332.6296296,1311,55.8,39
M,300.8,333.3703704,1434,39.1,82
H,300.0,327.4444444,1629,32.3,89
M,300.5,334.8518519,1456,51.1,193
L,298.2,320.7777778,1388,48.6,76
L,297.5,323.7407407,1596,36.0,141
L,301.1,331.8888889,1724,27.5,101
M,300.4,335.5925926,1553,33.1,209
H,300.6,330.7777778,1454,51.2,58
L,298.3,328.5555556,1463,43.9,116
M,298.5,321.5185185,1363,49.2,149
L,301.8,332.6296296,1771,27.2,162
L,301.9,332.6296296,1642,33.1,126
M,297.6,324.1111111,1475,46.6,54
L,301.5,332.2592593,1318,50.6,11
L,300.4,331.8888889,1396,49.3,142
L,300.4,333.3703704,1673,28.9,171
L,299.0,329.6666667,1533,43.5,159
M,298.7,328.1851852,1570,42.1,200
L,303.3,333.7407407,1592,33.7,14
L,299.7,331.8888889,1589,36.0,190
M,303.8,338.5555556,1527,41.9,159
L,297.9,320.4074074,1593,34.9,83
H,299.2,323.0,1388,53.2,59
M,302.6,330.7777778,1420,56.4,57
L,302.2,334.8518519,1545,35.9,152
L,300.0,325.5925926,1465,40.6,9
H,298.7,328.1851852,1582,33.4,121
M,298.8,328.1851852,1534,37.0,47
M,302.2,332.6296296,1476,47.4,161
L,299.1,330.037037,1619,31.1,242
M,298.0,325.2222222,1393,55.9,79
L,300.9,332.2592593,1601,34.0,181
L,299.9,328.1851852,1716,28.2,117
L,303.5,338.5555556,1602,34.2,108
L,298.5,324.4814815,1670,29.6,13
M,299.6,324.8518519,1685,27.8,161
H,297.9,325.5925926,1435,44.7,8
L,302.2,333.3703704,1928,23.1,2
L,300.4,334.1111111,1662,29.3,129
L,298.9,322.2592593,1828,23.8,26
L,299.1,330.4074074,1657,31.0,129
L,302.5,329.6666667,1586,32.2,64
M,300.0,326.3333333,2293,16.3,170
L,297.2,324.1111111,1501,38.5,86
L,302.6,334.8518519,1638,29.6,160
M,300.0,334.1111111,1791,24.1,213
M,300.4,331.8888889,1491,35.9,148
L,298.5,327.4444444,1585,32.2,89
M,298.8,328.1851852,1477,46.7,59
L,300.5,327.0740741,1795,27.7,117
M,298.0,323.3703704,1585,33.0,24
L,297.2,323.7407407,1774,23.0,30
L,300.2,334.1111111,1425,44.2,84
L,300.8,331.5185185,1525,39.4,175
L,302.6,336.7037037,1439,52.3,35
M,301.7,331.1481481,1876,22.1,99
H,300.1,327.4444444,1463,45.1,113
H,300.7,327.4444444,1390,48.5,7
L,300.7,337.4444444,1898,24.0,60
H,297.8,323.0,1550,38.2,185
L,301.8,332.6296296,1606,33.3,4
M,300.6,331.8888889,1389,48.1,88
M,297.0,321.1481481,1414,46.2,165
M,297.5,324.1111111,1697,28.1,107
L,297.4,322.2592593,1402,49.7,41
L,300.7,330.7777778,1960,21.0,194
M,303.0,333.3703704,1614,35.7,207
M,301.4,330.7777778,1495,52.5,201
L,300.1,334.1111111,1484,43.1,13
L,302.5,330.037037,1446,44.0,146
M,297.3,325.2222222,1556,39.5,168
M,299.7,324.8518519,1551,35.4,82
L,301.3,331.1481481,1560,36.8,113
M,301.9,327.4444444,1439,41.7,201
M,302.3,333.7407407,1625,33.1,137
H,302.7,330.4074074,1305,55.2,20
M,300.8,337.8148148,1811,25.1,136
M,298.3,325.5925926,1404,47.0,15
M,297.7,324.4814815,1350,57.0,105
L,300.3,335.5925926,1413,46.0,182
M,303.3,337.8148148,1505,38.9,68
L,298.1,321.1481481,1698,33.3,40
L,298.0,325.2222222,1679,32.4,90
H,300.6,335.2222222,1427,44.6,87
M,302.4,330.7777778,1500,36.7,164
L,298.2,321.8888889,1306,58.3,35
M,299.6,333.0,1649,33.8,133
L,297.4,325.962963,1428,38.8,26
M,302.3,333.0,1338,53.3,63
L,303.8,340.4074074,1869,25.8,211
M,303.9,341.1481481,1567,35.0,168
L,300.8,331.5185185,1461,42.8,173
L,298.8,328.5555556,1629,31.9,49
L,300.0,327.0740741,1506,38.8,87
L,300.1,334.1111111,1604,35.0,191
L,301.3,331.1481481,1451,47.5,42
M,301.8,329.2962963,2372,13.9,205
L,299.0,323.7407407,1946,22.3,102
H,298.9,329.2962963,1366,62.7,161
L,298.0,325.5925926,1473,44.3,124
L,300.4,331.1481481,1384,48.7,24
M,301.3,332.6296296,1495,40.8,148
M,297.6,326.3333333,1464,46.2,218
H,303.6,337.8148148,1436,45.6,9
L,301.4,331.8888889,1543,36.9,97
H,300.1,334.8518519,1674,29.6,85
L,302.8,337.8148148,1523,39.7,239
M,301.6,331.8888889,1664,32.0,58
L,298.9,329.2962963,1510,38.0,52
L,298.2,325.2222222,1341,43.8,171
L,297.9,324.8518519,1393,40.6,45
L,298.5,326.3333333,1570,40.1,131
M,301.5,330.7777778,1412,44.1,184
L,298.6,328.1851852,1505,45.7,144
M,298.4,327.0740741,1344,45.3,122
L,297.4,321.8888889,1348,57.4,66
M,298.6,328.1851852,1430,43.1,80
M,302.5,336.7037037,1454,47.6,37
L,300.4,333.7407407,1639,34.6,24
L,298.3,321.1481481,1502,42.0,103
L,303.3,333.7407407,1389,53.9,39
L,299.6,325.962963,1713,26.5,167
L,299.7,326.7037037,1445,42.9,55
L,297.0,320.4074074,1502,39.4,126
L,298.8,323.3703704,1490,35.0,29
M,302.7,336.7037037,1564,32.1,188
M,299.0,328.9259259,1486,34.6,91
L,301.5,330.7777778,1556,39.1,48
M,299.1,323.7407407,1491,38.5,166
H,300.7,336.7037037,1490,43.1,159
L,297.0,321.1481481,1436,47.7,191
L,298.8,326.3333333,1357,47.1,176
L,297.5,322.2592593,1327,56.5,189
M,298.7,325.2222222,1843,25.8,130
M,302.3,332.2592593,1710,30.4,218
L,302.7,337.8148148,1433,44.2,17
L,300.8,337.8148148,1825,23.8,127
M,301.9,333.0,1380,51.6,184
L,300.4,327.8148148,1740,31.1,113
L,298.3,321.5185185,1361,56.9,81
L,300.7,331.1481481,1654,34.2,89
H,299.3,325.2222222,1425,40.6,123
M,303.5,337.4444444,1593,35.2,29
L,300.5,327.0740741,1542,38.5,108
M,297.9,320.4074074,1364,46.8,89
M,296.9,320.7777778,1828,24.6,91
M,299.8,333.3703704,1706,29.2,148
L,297.5,325.962963,1426,44.8,24
L,298.3,321.5185185,1242,62.0,98
L,297.8,320.037037,1446,51.4,105
M,299.6,332.2592593,1630,29.8,206
H,303.7,335.962963,1332,52.7,66
L,300.4,327.0740741,1711,29.2,215
M,302.2,331.1481481,1570,34.6,163
L,300.7,333.0,2437,13.8,163
L,297.4,322.2592593,1419,50.0,52
M,300.8,333.0,1583,32.1,116
M,300.3,335.5925926,1607,33.7,199
L,298.2,324.1111111,1407,45.1,49
L,304.0,340.037037,1407,42.1,5
H,299.2,330.7777778,1329,48.9,30
L,301.6,331.5185185,1429,43.6,176
L,303.8,338.1851852,1523,47.0,152
L,300.8,333.7407407,1462,41.4,75
L,303.3,337.0740741,1457,40.7,48
L,297.6,323.3703704,1574,37.1,121
L,302.4,333.0,1565,42.8,163
L,298.3,323.3703704,1539,36.1,168
L,297.7,325.5925926,1563,39.3,56
L,302.0,331.1481481,1361,46.7,182
L,298.5,327.4444444,1462,45.1,115
L,301.0,337.4444444,1445,36.4,105
M,296.9,319.2962963,1521,37.9,27
M,297.6,324.4814815,1683,31.6,79
L,298.9,329.2962963,1442,48.0,181
L,298.6,328.1851852,1496,37.7,134
M,301.4,333.3703704,1434,47.6,52
M,302.5,335.962963,1414,51.6,205
L,301.5,330.4074074,1543,34.0,55
M,303.8,338.1851852,2344,15.2,146
H,300.4,329.2962963,1484,38.0,198
L,302.8,338.1851852,1694,28.4,66
L,301.9,333.7407407,1366,55.6,57
M,303.6,335.5925926,1659,34.7,94
L,300.6,327.4444444,1682,30.7,78
M,298.9,326.3333333,1632,32.5,55
L,302.4,336.3333333,1545,36.4,12
L,297.6,324.8518519,1449,47.7,209
H,296.3,318.5555556,1424,42.0,196
L,299.4,325.2222222,1404,47.3,86
L,302.2,334.4814815,1616,34.0,19
M,303.3,333.7407407,1566,46.1,41
H,297.8,325.2222222,1410,48.8,23
L,300.1,330.7777778,1394,44.3,121
L,296.9,320.7777778,1571,35.0,102
M,299.6,325.5925926,1366,55.2,95
L,300.3,335.2222222,1333,55.2,18
L,299.8,326.7037037,1467,46.2,219
L,299.3,324.4814815,1603,33.9,203
L,302.4,335.5925926,1465,40.2,143
L,300.3,335.2222222,1545,43.5,160
M,297.1,321.1481481,1980,20.3,159
M,300.1,329.2962963,1402,46.6,10
L,296.5,319.2962963,1523,40.7,85
L,297.7,324.4814815,1616,34.2,114
L,299.6,324.8518519,1422,53.2,120
L,298.4,326.3333333,1549,40.8,139
M,302.2,333.3703704,1561,34.9,106
L,295.5,314.4814815,1650,32.8,67
M,298.9,328.5555556,1357,54.5,121
H,301.2,328.5555556,1362,50.7,25
L,297.5,324.4814815,1603,36.7,184
M,302.7,337.0740741,1585,35.5,167
L,299.5,331.8888889,1374,48.3,154
L,298.3,323.0,1329,49.2,166
L,298.8,328.5555556,1550,38.8,53
M,299.6,331.8888889,1603,35.4,202
L,301.6,332.2592593,1492,45.2,155
L,302.6,330.037037,1642,33.2,82
M,298.5,327.0740741,1535,39.8,87
L,300.0,328.5555556,1608,33.4,76
L,303.5,337.8148148,1574,32.7,175
L,301.2,334.1111111,1757,28.0,6
L,302.3,331.8888889,1377,47.3,22
L,299.3,329.6666667,1495,49.2,16
L,297.9,320.4074074,1353,50.7,13
L,300.0,333.3703704,1418,47.3,60
H,300.5,327.0740741,1635,34.2,62
M,303.4,338.5555556,2706,9.8,65
L,302.1,331.5185185,1465,40.7,13
L,302.1,334.4814815,1727,27.7,50
L,303.6,336.3333333,1309,52.9,86
L,301.1,329.2962963,1417,46.9,35
M,302.3,332.2592593,1581,36.1,109
M,303.1,332.6296296,1510,47.6,16
M,302.4,332.6296296,1464,44.2,106
M,297.7,321.8888889,1469,48.8,183
M,299.8,327.4444444,1331,50.2,98
L,295.6,314.8518519,1426,48.6,124
L,297.3,322.6296296,1333,55.2,11
M,302.6,330.4074074,1532,36.1,77
L,300.6,336.3333333,1670,29.4,134
L,302.5,334.1111111,1674,27.0,223
M,303.8,340.7777778,1732,29.6,147
L,300.1,325.5925926,1478,46.9,116
L,298.4,326.3333333,1716,28.4,66
L,303.2,333.3703704,1439,43.9,30
L,298.9,328.1851852,1287,61.9,216
L,298.1,320.7777778,1432,49.8,198
M,298.5,327.8148148,1552,34.0,205
M,298.1,321.1481481,1463,47.3,206
L,302.3,335.2222222,1793,25.3,200
L,298.0,320.7777778,1716,26.6,9
L,298.9,328.9259259,1515,42.9,170
L,296.5,318.9259259,1579,34.5,166
L,303.2,338.5555556,1281,57.0,144
L,298.4,327.0740741,1376,50.4,202
L,302.0,330.7777778,1370,44.4,85
L,302.2,334.4814815,1481,40.4,93
L,299.6,331.5185185,1393,52.1,110
M,298.9,323.7407407,1469,34.2,93
L,300.5,328.5555556,1443,48.3,122
L,300.9,330.4074074,1454,43.1,43
L,299.1,323.3703704,1676,31.0,69
M,300.4,335.2222222,1511,33.0,200
L,301.0,336.7037037,1405,46.1,79
L,298.9,322.2592593,1510,43.5,46
M,297.6,323.0,1398,48.9,63
L,301.2,332.6296296,1612,32.9,129
M,300.6,327.8148148,1934,22.8,15
L,299.3,331.5185185,1495,39.2,144
L,300.9,331.5185185,1523,35.8,205
L,302.2,335.962963,1596,38.0,156
L,299.3,330.7777778,1529,41.3,17
L,300.0,334.1111111,1655,29.6,30
M,302.3,334.1111111,1479,45.6,59
L,298.8,325.5925926,1368,50.8,115
L,298.8,328.5555556,1351,47.2,73
L,300.1,328.9259259,1511,41.7,186
L,297.0,321.1481481,1529,42.2,157
H,297.7,318.9259259,1249,62.8,47
L,297.3,321.8888889,1615,35.4,217
L,303.5,339.6666667,1332,52.9,66
M,300.2,328.1851852,1466,45.7,41
L,297.4,323.7407407,1680,32.8,200
M,298.2,320.7777778,1566,33.8,100
M,302.4,329.2962963,1577,35.8,136
M,299.3,324.4814815,1442,49.0,165
L,304.2,341.1481481,1464,45.9,48
L,300.5,335.962963,1511,41.8,205
L,298.5,323.0,1513,33.6,172
M,299.2,322.6296296,1364,51.8,104
L,300.6,326.7037037,1549,43.4,233
L,301.1,329.2962963,1666,27.2,40
L,300.5,331.8888889,1354,51.8,157
M,301.9,331.1481481,1475,47.8,179
L,299.7,329.6666667,1633,36.5,24
M,297.6,324.4814815,1357,49.7,104
H,299.7,331.8888889,1418,46.6,197
L,298.8,323.7407407,1268,55.8,155
M,303.4,334.4814815,1483,43.0,117
L,303.1,333.0,1420,55.8,113
H,295.7,314.8518519,1458,49.8,151
H,302.5,335.5925926,2370,14.7,198
L,298.3,326.7037037,1570,35.6,138
M,295.5,314.1111111,1423,45.3,205
L,298.8,323.7407407,1599,33.0,101
L,300.7,335.962963,1476,42.0,196
L,299.1,322.6296296,1426,40.1,60
M,302.2,333.3703704,1663,29.6,115
M,300.7,337.8148148,1371,61.7,102
L,298.5,327.4444444,1419,41.5,105
M,300.6,331.5185185,1566,38.2,187
L,298.6,328.1851852,2271,16.2,218
M,303.8,338.1851852,1448,44.3,195
M,301.4,331.1481481,1630,30.3,2
H,302.1,329.2962963,1615,29.9,176
L,300.3,328.5555556,1621,34.1,36
L,300.7,327.0740741,1251,59.9,120
L,298.9,329.2962963,1466,43.4,50
M,300.7,331.5185185,1347,46.5,183
L,302.7,336.7037037,1688,32.0,155
L,297.3,323.3703704,1514,44.5,177
L,297.8,323.0,1622,38.3,134
L,297.8,324.4814815,1579,32.9,70
L,300.7,329.2962963,1565,40.2,81
H,299.5,326.7037037,1386,44.4,154
M,303.7,338.9259259,1612,36.3,200
L,300.1,333.7407407,1547,40.0,201
M,301.6,331.5185185,1457,47.8,7
M,302.1,328.9259259,1531,38.0,161
L,298.5,323.7407407,1522,36.9,53
L,298.7,328.5555556,1464,38.0,74
M,300.5,327.8148148,1685,29.4,140
M,303.7,339.2962963,1634,33.8,63
H,301.3,331.8888889,1434,39.5,18
L,298.7,325.5925926,1607,32.7,2
H,303.4,335.5925926,1693,28.3,175
M,299.2,323.3703704,1474,47.2,132
L,300.3,328.5555556,1527,41.4,2
L,300.0,334.1111111,1634,31.9,0
M,298.5,326.3333333,1615,31.8,23
M,299.0,324.8518519,1526,41.1,20
M,296.9,321.5185185,1497,44.8,57
M,301.9,332.2592593,1317,51.9,40
L,299.8,325.2222222,1567,36.1,95
L,302.8,332.2592593,1312,52.2,40
L,300.6,336.3333333,1406,55.1,136
L,299.0,326.7037037,1693,30.1,84
L,301.3,331.1481481,1376,47.6,45
L,301.3,330.4074074,1501,41.6,192
L,297.5,325.5925926,1515,35.1,213
M,301.6,331.8888889,1548,34.2,143
L,301.3,330.037037,1560,36.3,129
M,297.0,321.8888889,1507,43.1,51
L,302.4,330.4074074,1456,47.6,127
L,297.0,320.7777778,1316,61.2,200
L,300.1,334.4814815,1549,34.7,189
L,297.1,321.5185185,1348,58.0,162
H,297.6,322.6296296,1400,44.3,43
L,300.7,333.3703704,1486,46.8,56
L,298.1,324.1111111,1671,28.8,41
L,302.2,334.1111111,1430,43.1,29
L,297.8,319.2962963,1418,41.2,155
L,297.3,323.0,1491,46.5,29
M,302.1,334.4814815,1341,50.8,99
M,298.9,328.1851852,1363,50.6,115
L,300.5,335.2222222,1409,54.7,104
L,301.3,328.9259259,1506,40.8,11
L,300.9,330.4074074,1541,39.1,17
M,298.7,323.3703704,1360,52.9,69
M,300.2,326.7037037,1329,53.6,186
L,297.4,323.0,1582,37.2,68
L,298.7,328.1851852,1365,50.5,111
M,297.3,322.6296296,1459,59.6,207
M,302.8,337.4444444,1416,42.7,241
L,297.4,325.962963,1698,29.4,119
L,299.8,333.3703704,1564,40.0,172
M,302.6,334.1111111,1757,29.5,151
H,298.3,326.3333333,1529,41.7,5
M,297.9,321.1481481,1336,54.4,82
M,302.3,333.7407407,1444,43.1,115
L,297.8,320.7777778,1383,56.5,98
M,300.9,331.5185185,1362,51.6,212
M,297.8,323.0,1579,36.6,152
M,299.8,332.6296296,1948,20.0,185
L,300.0,325.2222222,2174,16.9,112
H,300.2,326.3333333,1342,48.7,68
M,298.1,321.5185185,1374,48.8,156
M,298.0,323.7407407,1376,55.7,214
L,300.7,335.2222222,1499,38.4,205
M,299.0,325.2222222,1804,26.8,17
L,302.4,330.4074074,1666,29.7,125
L,300.9,331.8888889,1701,30.4,55
L,298.7,328.5555556,1621,34.1,130
L,302.0,328.1851852,1532,39.4,2
M,297.4,323.3703704,1465,55.9,153
L,298.2,322.6296296,1568,36.0,92
M,300.6,327.0740741,1492,34.0,144
H,295.6,314.1111111,1396,52.4,0
M,299.7,325.5925926,1603,38.5,170
M,299.5,325.2222222,1701,28.6,98
H,299.8,326.3333333,1595,32.1,183
H,302.6,330.4074074,1614,36.0,74
L,302.0,330.7777778,2197,15.8,133
H,299.0,329.2962963,2053,19.7,137
L,301.8,331.1481481,1403,46.8,151
L,297.3,322.2592593,1754,29.4,123
M,297.5,325.962963,1804,27.4,215
L,297.7,323.3703704,1501,41.4,201
L,301.9,331.5185185,1370,50.3,20
H,295.6,314.4814815,1623,30.9,210
L,300.7,327.0740741,1541,37.2,48
M,301.5,331.1481481,1424,47.0,26
M,301.5,331.1481481,1403,47.4,34
L,304.0,340.037037,2012,21.1,115
M,302.0,330.7777778,1639,32.9,94
L,297.6,324.1111111,1365,50.6,143
L,299.8,327.0740741,1739,27.5,128
L,303.2,333.3703704,1427,45.6,25
L,301.3,328.9259259,1665,31.4,0
L,303.1,334.1111111,1829,24.5,159
L,298.6,326.3333333,1677,31.2,180
H,298.9,324.1111111,1500,41.6,187
M,304.1,341.1481481,1494,39.0,49
M,303.6,336.7037037,1967,20.9,2
M,299.3,325.5925926,1703,31.3,120
L,302.1,333.3703704,1519,39.3,155
L,302.0,331.8888889,1383,50.3,231
M,302.2,333.3703704,1347,49.8,94
M,302.0,333.3703704,1418,49.5,17
M,298.1,324.4814815,1811,25.4,147
L,299.4,325.5925926,1645,28.6,57
M,302.4,335.962963,1439,36.6,212
L,299.0,329.2962963,1470,40.3,83
L,298.5,327.0740741,1561,34.8,35
H,301.2,331.1481481,1457,50.5,114
L,295.7,315.2222222,1915,22.4,79
L,299.1,322.6296296,1431,52.3,38
L,299.1,330.037037,1619,35.2,240
L,300.0,330.7777778,1517,42.2,186
L,300.5,334.8518519,1385,54.8,173
L,298.2,323.0,1379,43.1,65
M,297.0,321.5185185,1408,47.9,54
L,304.0,339.6666667,1363,62.5,200
L,298.9,329.2962963,1401,44.4,76
L,299.7,325.5925926,1715,27.8,192
M,300.8,327.8148148,1519,39.7,16
M,300.0,329.6666667,1443,58.7,68
H,300.4,327.4444444,1416,43.3,66
L,299.7,327.4444444,1419,45.1,170
L,298.9,330.037037,1583,32.6,230
M,299.3,324.4814815,1648,28.4,188
M,302.2,334.4814815,1863,25.7,85
L,299.7,332.2592593,1477,40.4,83
L,299.2,325.2222222,1615,33.7,193
M,297.3,321.8888889,1709,30.6,196
M,301.5,330.7777778,1600,32.8,205
L,300.9,328.9259259,1671,26.8,199
L,299.5,325.5925926,1476,47.8,223
L,298.1,319.6666667,1391,57.4,161
L,301.2,328.5555556,1687,29.7,30
L,301.1,333.3703704,1564,37.0,165
L,299.1,330.7777778,1739,27.4,72
L,298.7,323.3703704,1483,42.5,46
M,298.8,328.1851852,1551,36.6,15
L,300.7,327.8148148,1598,33.7,149
M,298.9,328.1851852,2450,13.9,89
L,300.1,327.4444444,1642,34.5,53
L,300.6,331.1481481,1514,39.5,87
M,298.9,331.1481481,1720,25.3,197
L,299.1,324.8518519,1467,47.2,218
H,300.6,327.4444444,1888,20.5,133
L,300.4,328.1851852,1314,63.1,146
L,300.9,336.7037037,1474,42.4,171
L,298.9,325.5925926,1369,44.4,198
M,298.9,325.2222222,1924,22.6,193
L,302.4,333.0,1520,42.2,143
L,297.9,320.037037,1589,37.8,120
L,300.0,333.3703704,1629,31.7,62
L,299.2,323.3703704,1340,50.0,144
L,298.6,327.4444444,1387,57.6,50
L,304.0,340.037037,2354,15.0,117
L,297.9,325.5925926,1504,43.0,4
L,300.8,328.9259259,1468,52.7,178
L,297.6,323.7407407,1526,42.1,57
M,297.2,322.6296296,1429,42.0,6
L,297.9,324.4814815,1613,31.4,57
L,303.0,333.7407407,1365,56.2,146
L,302.2,334.4814815,1725,34.0,170
L,301.5,331.5185185,1423,44.0,222
M,301.0,334.4814815,1530,43.9,165
L,303.0,333.3703704,1494,37.0,67
L,299.0,323.7407407,1378,47.8,163
L,301.9,330.4074074,1708,24.8,17
L,298.9,323.7407407,1522,46.4,2
M,298.4,325.962963,1597,33.5,116
L,303.8,338.9259259,1461,38.2,188
L,297.7,327.4444444,1529,35.2,153
L,303.6,338.9259259,1418,44.1,118
M,297.6,323.3703704,1360,48.6,77
M,301.7,330.037037,1787,26.7,33
L,297.9,320.037037,1430,52.4,178
M,300.8,331.1481481,1669,28.4,79
L,302.2,333.0,1447,52.1,174
M,300.5,328.5555556,1994,19.8,189
H,298.5,324.1111111,1450,43.9,28
M,298.7,328.5555556,1654,29.1,195
L,296.8,321.5185185,1391,54.4,17
L,301.1,329.6666667,1455,55.3,9
L,301.8,330.7777778,1593,34.9,139
H,300.6,330.7777778,1519,37.0,91
L,302.0,332.6296296,1563,36.2,8
L,297.8,327.8148148,1341,49.2,208
L,298.8,328.1851852,1509,36.2,57
L,297.5,324.4814815,1587,34.9,166
M,297.8,319.2962963,1488,36.1,57
M,298.2,325.2222222,1446,45.8,80
L,300.9,331.8888889,1493,45.8,57
L,297.3,323.7407407,1273,59.8,182
L,300.7,330.7777778,1448,38.2,218
L,298.8,328.9259259,1389,49.6,149
L,297.4,325.962963,1459,37.9,191
L,298.9,325.2222222,1410,65.7,191
L,302.5,335.5925926,1335,52.7,135
M,298.2,320.7777778,1583,36.6,185
L,298.2,322.2592593,1446,38.2,61
M,304.2,341.8888889,1437,47.2,102
L,300.4,333.3703704,1436,56.8,173
L,300.0,325.5925926,1882,23.8,84
L,300.9,329.6666667,1382,50.4,131
L,302.6,336.3333333,1781,28.5,196
L,299.2,323.0,1465,35.0,201
L,301.8,331.1481481,1192,68.9,135
L,297.3,324.1111111,1467,36.8,216
H,299.7,327.4444444,1433,49.6,129
M,296.6,319.2962963,1544,42.3,170
L,301.0,334.1111111,1573,37.6,103
L,297.4,323.7407407,1411,46.3,138
M,297.4,324.1111111,1382,49.9,151
L,298.7,327.0740741,1673,30.8,141
L,304.2,341.8888889,1438,50.1,100
L,300.5,326.3333333,1373,48.8,211
L,302.4,333.0,1484,45.9,169
L,298.1,323.7407407,1527,40.2,16
M,298.7,325.962963,1437,45.7,195
L,303.5,337.8148148,1340,44.5,76
L,300.3,334.1111111,1759,24.8,34
L,299.8,326.7037037,1408,45.6,156
L,299.2,323.3703704,1378,50.4,220
M,299.1,324.4814815,1725,26.6,172
L,298.9,324.8518519,1453,40.8,11
H,299.1,328.5555556,1443,40.3,0
L,295.8,316.3333333,1644,35.2,115
M,298.4,323.3703704,1576,27.4,55
L,302.1,331.8888889,1596,37.1,43
M,300.8,337.0740741,1664,25.7,150
H,298.4,324.1111111,1344,52.9,130
L,297.7,319.6666667,1379,43.3,111
L,298.3,324.8518519,1348,55.5,102
L,300.9,332.6296296,1432,48.1,59
L,299.2,324.8518519,1526,37.9,177
L,300.8,337.4444444,1435,44.8,134
M,303.4,335.2222222,1515,44.2,168
L,301.9,327.4444444,1410,49.0,223
M,298.2,324.1111111,1361,44.2,0
L,298.7,329.6666667,1436,47.5,32
M,302.4,334.1111111,1534,40.1,41
L,300.6,331.5185185,1543,39.6,60
L,297.4,322.6296296,1395,48.7,21
L,302.7,330.7777778,1551,35.9,6
M,303.4,339.2962963,1518,38.7,103
L,298.3,321.1481481,1551,33.8,72
M,298.1,320.7777778,1514,43.5,78
M,300.5,336.3333333,1985,19.3,143
H,298.0,321.8888889,1440,43.7,37
M,302.0,333.7407407,1530,36.4,27
M,298.4,325.5925926,1576,38.8,167
L,297.4,322.6296296,1801,26.9,11
L,298.4,324.4814815,1352,56.7,24
H,303.9,338.9259259,1401,50.0,129
L,300.7,329.6666667,1639,31.4,48
L,299.6,331.8888889,1498,46.9,116
L,298.2,321.1481481,1785,23.4,181
M,300.7,327.4444444,1388,51.1,160
L,299.2,323.0,1475,38.7,22
M,298.9,328.9259259,1520,35.6,48
L,300.9,331.5185185,1517,41.7,210
L,301.4,332.6296296,1701,28.4,127
L,301.7,331.5185185,1641,31.9,192
L,299.3,324.1111111,1393,54.2,80
H,298.1,325.2222222,1438,41.4,60
H,299.1,329.2962963,1429,42.9,96
H,301.5,330.7777778,1538,44.3,43
H,297.3,322.6296296,1506,37.0,54
M,298.3,327.4444444,1469,54.8,191
L,297.9,320.7777778,1373,50.2,130
M,298.1,324.1111111,1527,43.0,56
M,296.8,319.6666667,1470,45.9,132
L,300.7,332.6296296,1462,41.9,126
M,297.8,319.2962963,1752,26.1,52
L,297.6,325.5925926,1394,50.0,62
L,298.6,328.5555556,1593,37.4,47
M,298.0,320.7777778,1492,40.2,197
M,298.7,327.8148148,1629,27.9,136
L,302.7,331.5185185,1597,41.9,15
L,298.8,323.0,1473,41.1,128
M,299.2,324.4814815,1503,37.4,109
M,299.6,332.2592593,1474,39.7,64
L,300.8,330.037037,1538,36.1,198
M,298.4,325.962963,1399,45.2,125
M,297.3,322.6296296,1501,38.2,2
M,299.3,324.1111111,1459,35.6,87
L,300.2,327.0740741,1729,28.4,131
L,297.3,322.2592593,1754,26.8,125
L,299.0,328.9259259,1672,33.2,144
M,298.3,326.7037037,1816,22.6,138
L,298.3,320.037037,1942,20.6,176
L,297.5,323.7407407,1352,52.6,12
L,299.1,330.4074074,1550,43.9,79
M,302.2,335.2222222,1576,34.0,28
H,302.5,330.4074074,1422,41.9,156
L,304.2,341.5185185,1639,32.7,63
L,300.6,335.962963,1372,60.1,212
M,301.7,330.7777778,1458,41.4,153
L,298.1,324.8518519,1313,50.6,108
L,297.8,320.7777778,1597,38.2,11
L,300.9,332.2592593,1477,41.5,100
L,300.3,326.7037037,1470,33.5,148
M,303.8,338.5555556,1684,29.3,167
L,298.8,327.8148148,1336,50.3,44
L,302.2,334.4814815,1413,43.5,83
L,300.4,328.5555556,1435,54.8,70
H,302.6,330.037037,1721,27.4,79
L,299.7,333.3703704,1352,52.1,176
M,303.7,339.6666667,1511,41.0,33
L,297.5,323.7407407,1694,27.1,36
L,302.3,329.2962963,1513,40.4,22
M,298.0,320.7777778,1483,50.9,26
L,302.3,329.6666667,1394,55.4,57
L,301.5,330.7777778,1435,44.6,135
L,304.2,341.5185185,1740,28.2,78
L,296.9,321.1481481,1626,29.9,177
L,303.4,339.2962963,1449,43.9,94
L,299.1,330.4074074,1527,44.0,149
L,298.1,320.7777778,1379,49.1,135
L,296.4,319.2962963,1512,36.8,46
M,296.8,319.2962963,1455,49.9,102
M,301.6,333.3703704,1415,46.5,82
L,300.0,334.4814815,1666,32.0,128
L,302.2,333.3703704,1630,36.0,169
L,297.8,319.6666667,1631,29.9,144
L,297.3,320.7777778,1385,44.4,169
M,300.1,325.5925926,1731,30.4,92
M,301.0,327.4444444,1397,48.0,135
M,297.1,321.8888889,1352,44.4,0
L,297.3,324.1111111,1592,34.4,158
M,296.1,318.5555556,1619,29.7,17
L,301.4,332.6296296,1470,40.6,86
L,300.6,328.1851852,1629,37.6,162
L,301.6,330.4074074,1561,35.3,156
H,298.8,328.1851852,1911,21.6,126
M,298.7,327.4444444,1382,48.1,186
L,301.5,331.1481481,1357,42.1,212
L,300.6,326.7037037,1471,44.1,244
L,298.6,328.5555556,1461,45.7,49
L,303.7,338.9259259,1468,43.3,168
L,299.1,331.1481481,1602,39.7,144
L,302.0,330.4074074,1591,29.8,105
H,296.9,321.5185185,1318,53.5,88
M,300.8,328.5555556,1444,46.0,180
M,304.1,340.7777778,1427,46.9,123
M,303.3,335.5925926,1489,49.4,64
L,301.8,333.7407407,1551,35.8,61
L,300.8,331.1481481,1577,37.9,227
M,297.7,327.0740741,2027,19.8,39
L,299.3,323.7407407,1384,53.6,218
L,300.9,332.2592593,1755,27.9,148
L,299.3,323.3703704,1409,44.8,91
L,298.0,323.7407407,1481,42.5,54
L,298.8,328.1851852,1599,33.6,131
L,300.7,327.4444444,1505,34.9,7
L,298.1,320.037037,1364,53.8,129
H,302.4,329.2962963,1597,28.9,179
M,299.4,328.9259259,1512,43.2,47
M,298.8,323.7407407,1486,41.9,92
L,302.5,334.8518519,1400,54.0,196
L,300.3,330.037037,1704,29.5,0
L,302.4,334.1111111,1564,35.0,122
L,297.6,326.7037037,1326,49.8,199
L,297.4,323.0,1434,39.9,2
L,300.4,328.1851852,1395,48.1,201
L,299.9,327.0740741,1772,23.5,167
L,302.1,329.2962963,1753,28.9,176
L,303.0,338.9259259,2024,19.9,102
L,302.0,333.3703704,1845,27.3,45
M,299.0,329.6666667,1628,35.8,64
M,300.2,327.0740741,1564,33.4,183
L,300.7,330.037037,1533,35.6,198
L,300.4,328.9259259,1282,66.1,40
M,299.6,325.962963,1867,23.4,225
L,298.4,323.7407407,1591,36.7,122
L,303.8,338.1851852,1368,52.6,123
L,300.9,331.5185185,1352,46.4,212
L,298.9,328.5555556,1373,52.1,108
L,302.5,330.4074074,1427,46.8,179
H,304.0,339.6666667,1495,46.6,0
M,302.6,330.4074074,1451,43.1,35
M,304.2,342.2592593,1512,33.4,146
L,298.9,328.5555556,1526,35.4,96
L,297.9,320.4074074,1590,34.6,57
H,302.5,333.0,1850,23.3,203
L,303.5,336.3333333,1756,29.7,28
M,304.3,342.2592593,1489,40.3,196
M,302.7,337.0740741,1439,42.5,164
M,303.9,340.4074074,1343,61.4,14
L,299.2,325.5925926,1345,60.7,191
M,299.5,325.962963,1314,61.8,45
M,300.4,335.962963,1335,58.3,9
L,304.3,341.8888889,1464,36.7,194
H,302.3,334.1111111,1372,46.0,86
L,304.4,342.6296296,1607,33.5,5
L,304.2,341.5185185,1740,23.7,86
L,298.2,323.0,1666,34.6,74
L,298.5,322.2592593,1301,66.3,42
L,300.7,330.037037,1458,40.0,207
M,301.5,329.2962963,1468,40.8,32
L,296.3,319.2962963,1760,28.4,56
M,296.5,319.2962963,1350,55.6,69
H,297.6,327.4444444,1669,32.1,155
H,301.0,333.7407407,1597,39.2,66
L,298.7,328.9259259,1637,31.8,42
M,298.1,322.2592593,1342,48.1,54
M,301.5,331.8888889,1628,36.4,167
M,300.9,330.4074074,1375,44.7,87
L,300.8,336.3333333,1382,49.3,177
L,298.4,327.4444444,1655,30.2,146
L,298.2,324.8518519,1444,53.1,83
M,300.8,327.0740741,1481,44.5,49
H,298.2,324.4814815,1470,43.3,61
L,298.6,323.0,1397,46.4,36
L,297.5,326.7037037,1503,40.6,144
M,298.6,326.7037037,1464,36.9,179
L,299.3,325.962963,1511,37.2,129
M,299.4,331.8888889,1628,40.2,111
H,298.2,325.2222222,1562,37.7,36
L,298.8,325.5925926,1393,52.6,167
L,299.0,329.2962963,1416,45.9,47
L,301.4,333.0,1494,41.9,142
L,297.9,320.7777778,1665,33.9,102
H,300.7,331.1481481,1505,40.6,179
L,299.0,327.0740741,1861,23.3,73
M,303.4,335.962963,1510,42.2,36
L,296.6,320.037037,1809,25.1,86
L,298.1,323.3703704,1665,29.6,20
M,303.6,338.9259259,1699,31.5,105
H,304.0,340.4074074,1388,53.2,91
M,298.6,322.6296296,1589,34.1,174
H,297.6,323.0,1703,31.4,205
M,300.0,334.1111111,1692,29.0,216
H,300.2,334.8518519,1496,41.1,60
M,297.7,321.8888889,2189,15.6,186
M,301.8,331.8888889,1365,48.2,199
L,300.1,331.1481481,1809,24.3,97
L,299.7,326.3333333,1434,38.5,127
L,299.9,326.7037037,1467,41.2,20
M,296.8,320.7777778,1694,33.0,115
L,300.5,335.2222222,1445,44.8,83
L,300.0,333.7407407,1703,30.4,85
L,300.2,334.8518519,1372,49.2,195
L,298.8,323.7407407,1872,22.5,82
L,299.8,327.0740741,1495,39.6,10
L,298.5,324.1111111,1609,35.3,117
L,301.0,331.8888889,1975,19.7,17
L,302.1,330.7777778,1389,49.6,169
M,302.3,334.1111111,1345,47.6,67
M,298.5,327.4444444,1572,33.0,127
L,300.7,332.6296296,1377,49.9,124
L,300.3,330.037037,1345,46.3,50
M,296.9,320.7777778,1477,37.2,160
H,301.3,331.1481481,1527,44.0,114
L,302.4,330.037037,1520,31.6,121
L,300.9,337.0740741,1811,23.2,72
L,304.2,341.1481481,1410,51.6,47
M,302.0,334.4814815,1366,52.3,54
M,298.0,325.2222222,1562,39.2,155
H,297.2,321.5185185,1435,43.0,202
L,300.4,335.5925926,1601,36.1,0
L,299.0,323.7407407,1653,31.7,100
L,300.1,330.7777778,1494,44.2,117
L,301.3,331.1481481,1521,36.3,166
L,297.3,324.1111111,1549,36.1,218
M,303.5,338.5555556,1405,51.6,62
M,299.7,325.962963,1597,32.9,135
L,299.7,325.5925926,1417,50.1,187
M,297.3,324.1111111,1466,38.4,27
L,297.8,324.4814815,1548,36.9,64
L,300.7,331.8888889,1563,33.8,104
H,299.3,325.5925926,1552,40.7,120
L,297.1,321.8888889,1633,33.3,192
L,302.8,337.0740741,1682,30.9,58
H,301.5,330.7777778,1551,34.3,166
L,295.6,314.1111111,1370,52.4,115
L,297.6,327.4444444,1501,49.8,222
L,297.9,320.037037,1503,40.7,124
L,300.5,326.3333333,1574,33.5,101
L,300.4,333.7407407,1608,35.1,114
H,298.0,325.962963,1520,37.9,89
H,303.6,338.5555556,1498,40.2,155
L,298.0,320.4074074,1529,34.1,11
M,297.6,323.7407407,1254,45.8,31
M,300.7,333.0,1438,46.6,103
M,299.2,325.2222222,1541,36.3,104
M,299.8,327.4444444,1434,48.0,82
L,300.6,335.5925926,1471,41.4,39
L,300.3,325.962963,1398,54.4,198
M,299.1,330.037037,1441,43.9,94
L,298.2,325.5925926,1429,48.5,164
L,300.4,326.3333333,1413,50.3,101
M,298.7,325.962963,1410,45.6,47
L,297.6,324.4814815,1475,43.0,119
L,301.2,328.5555556,1449,45.5,23
L,298.1,320.4074074,1523,37.7,80
L,301.5,331.1481481,1374,46.7,32
L,297.6,322.6296296,1595,34.3,41
L,296.8,320.037037,1513,40.0,130
L,297.4,323.3703704,1410,43.9,47
L,298.7,329.6666667,1404,50.3,54
M,300.7,332.2592593,1468,41.8,112
L,297.2,322.6296296,1576,35.3,113
L,297.9,325.2222222,1532,37.6,47
L,298.2,321.1481481,1551,36.0,186
L,298.7,327.4444444,1364,44.9,106
L,297.3,321.8888889,1568,34.4,194
M,299.6,325.5925926,1560,37.1,73
M,304.2,340.4074074,1608,31.1,20
L,301.3,331.8888889,1531,53.4,57
L,298.4,328.5555556,1725,27.8,21
L,298.0,324.4814815,1757,29.1,71
H,300.3,334.8518519,1427,56.2,8
M,300.4,330.7777778,1540,33.4,32
M,298.1,324.8518519,1479,43.4,105
M,297.4,323.0,1620,35.8,215
L,297.4,321.8888889,1729,31.7,204
M,298.0,325.2222222,1409,49.1,85
M,298.1,324.1111111,1581,47.4,51
L,302.0,333.0,1402,47.8,182
L,298.4,324.8518519,1638,32.4,109
M,300.9,333.0,1325,61.4,88
M,302.2,329.2962963,1368,51.6,12
L,301.3,331.8888889,1450,46.9,59
L,300.6,336.3333333,1481,40.9,132
L,298.4,321.8888889,1375,50.8,94
L,296.8,321.1481481,1611,35.4,72
H,298.5,322.2592593,1563,44.6,163
L,297.1,323.0,1529,40.4,165
L,301.4,331.5185185,1584,32.2,17
L,299.4,325.962963,1607,31.7,145
L,303.3,336.7037037,1418,44.7,83
L,300.3,335.5925926,1567,37.7,180
M,299.3,325.5925926,1571,38.3,59
M,299.1,324.8518519,1476,42.7,225
M,297.9,320.037037,1505,40.1,166
L,303.8,340.037037,1499,42.3,38
L,298.8,328.5555556,1441,41.6,62
H,302.6,330.4074074,1649,30.1,62
L,303.9,340.4074074,1665,29.6,0
L,300.9,332.6296296,1438,49.0,61
M,302.3,335.5925926,1557,34.1,185
M,300.6,331.5185185,1705,31.2,181
H,299.3,323.7407407,1498,39.5,47
L,297.5,323.3703704,1536,36.9,108
L,296.4,318.5555556,1748,25.3,144
L,300.7,332.2592593,1356,65.3,66
H,300.7,332.6296296,1981,19.9,99
H,299.3,328.9259259,1373,44.8,221
M,297.9,320.037037,1519,44.0,37
M,299.2,324.1111111,1401,47.0,198
L,300.4,336.3333333,1366,43.0,117
L,302.1,331.8888889,1622,36.8,45
M,298.1,319.2962963,1363,60.1,187
H,303.6,337.8148148,1460,53.7,214
L,297.0,320.7777778,1609,35.6,193
L,301.7,333.0,1399,55.1,156
M,301.1,333.0,1470,40.6,159
L,299.1,330.4074074,1452,39.7,151
L,301.6,331.8888889,1726,26.7,150
L,297.5,324.8518519,1427,50.4,17
L,300.9,333.7407407,1953,19.4,107
L,297.9,319.6666667,1561,37.7,16
L,302.6,336.7037037,1502,47.3,171
H,300.5,336.3333333,1375,43.2,108
M,299.8,331.1481481,1574,31.8,113
L,297.6,325.2222222,1491,43.2,7
M,300.8,327.8148148,1680,28.2,189
L,298.5,327.0740741,1385,46.3,203
L,296.9,321.5185185,1658,41.0,74
M,300.2,328.1851852,1743,24.1,18
M,297.9,319.2962963,1610,34.6,219
L,299.9,327.4444444,1254,61.3,124
L,298.1,322.2592593,1390,47.5,33
H,296.6,319.2962963,1406,41.5,189
L,302.7,335.5925926,1461,46.1,10
L,297.9,323.3703704,1683,28.5,63
M,300.0,328.5555556,1530,34.5,71
L,298.4,327.8148148,1581,34.6,150
L,299.1,322.6296296,1524,34.1,128
L,295.6,314.4814815,1389,46.2,113
L,296.3,318.9259259,1566,35.8,175
L,302.2,334.1111111,1477,41.7,15
M,300.2,326.7037037,1459,43.9,39
M,301.9,332.2592593,2305,16.1,42
L,298.8,327.0740741,1368,44.7,147
H,298.7,323.7407407,1499,43.5,84
L,299.6,331.8888889,1400,40.8,118
L,297.2,323.3703704,1588,40.4,190
L,299.8,327.4444444,1447,43.1,12
M,300.3,327.4444444,1488,41.3,172
H,297.8,318.9259259,1516,40.1,166
L,298.3,324.8518519,1708,28.0,42
M,299.5,324.4814815,1886,20.9,117
M,299.2,325.2222222,1881,23.9,137
L,300.7,331.5185185,1314,42.4,198
M,302.0,331.5185185,2157,17.8,17
L,298.8,325.5925926,1418,46.3,133
L,297.5,326.3333333,1675,29.8,72
M,298.8,329.6666667,1595,33.1,34
L,300.8,326.7037037,1946,20.5,111
H,298.8,325.962963,1372,48.5,120
L,299.0,330.4074074,1565,36.1,127
H,298.2,323.0,1385,42.2,98
M,297.3,324.4814815,1447,57.4,134
H,299.8,333.7407407,1785,25.4,139
L,298.5,325.2222222,1450,40.5,199
L,298.9,331.1481481,1585,38.1,7
M,298.2,324.8518519,1512,38.5,28
L,300.1,327.8148148,1410,48.3,118
H,297.2,323.3703704,1524,41.4,192
M,299.4,332.2592593,1446,47.3,12
M,302.2,334.1111111,1642,32.1,42
L,298.2,322.2592593,1667,30.6,59
L,299.9,328.9259259,1402,44.7,204
L,296.7,320.037037,1474,41.7,148
L,300.9,327.0740741,1612,35.2,124
M,300.6,334.8518519,1669,29.2,200
L,300.1,327.8148148,1485,45.9,100
M,302.3,335.2222222,1341,46.3,194
L,303.8,338.9259259,1838,27.8,181
L,297.5,326.3333333,1479,39.4,22
L,301.2,331.5185185,1644,31.6,166
L,303.0,333.3703704,1374,48.2,65
L,301.7,333.0,1469,37.2,128
L,301.0,330.7777778,1378,44.4,83
M,300.4,333.7407407,1350,56.5,31
L,302.0,330.037037,1648,29.6,157
L,302.6,330.4074074,1415,52.1,12
M,299.3,323.3703704,1422,43.1,186
H,297.4,324.1111111,1349,48.9,120
L,301.0,336.3333333,1518,39.3,196
M,298.8,330.037037,1366,59.0,94
L,297.5,323.3703704,1459,39.7,69
L,296.9,319.6666667,1354,44.4,16
M,297.4,324.4814815,1628,37.4,144
H,296.9,321.5185185,1416,46.9,105
L,302.8,337.8148148,1651,27.0,200
L,299.1,323.7407407,1611,31.4,161
L,298.0,320.037037,1548,45.8,111
L,298.6,327.0740741,1325,52.2,127
L,303.2,334.1111111,1238,54.6,226
L,299.0,324.8518519,1511,35.9,16
H,304.1,341.5185185,1696,29.6,65
L,301.3,333.3703704,1457,44.5,14
L,297.5,324.8518519,1427,44.7,135
M,300.9,336.3333333,1375,56.1,182
L,297.1,323.3703704,1578,35.6,46
L,301.4,330.4074074,1496,35.2,153
H,300.5,330.7777778,1403,47.7,24
L,300.3,325.962963,1412,44.8,200
L,304.1,340.7777778,1468,39.4,148
M,298.2,322.6296296,1476,43.5,129
L,298.6,327.4444444,1423,42.7,82
L,296.0,316.7037037,1416,44.2,46
L,300.5,334.8518519,1661,30.0,158
L,299.0,321.8888889,1242,60.9,117
L,301.5,332.2592593,1891,23.2,122
M,300.6,326.3333333,1510,46.0,87
L,297.5,324.1111111,1443,46.2,110
L,300.3,334.8518519,1595,38.8,154
L,300.7,337.0740741,1590,38.5,148
L,302.2,334.4814815,1482,45.6,87
H,300.8,330.037037,1777,30.1,38
L,298.4,321.5185185,1508,47.9,25
M,302.1,332.6296296,1711,28.7,83
L,297.2,323.3703704,2182,16.5,127
M,298.7,323.3703704,1660,27.0,50
H,297.5,324.4814815,1824,24.0,179
L,300.9,336.3333333,1533,44.0,162
M,297.3,323.0,1370,50.5,71
M,303.6,335.5925926,1627,30.8,104
L,298.1,320.7777778,1540,37.8,203
L,298.3,323.3703704,1606,33.6,67
L,298.4,326.3333333,1545,36.9,3
M,300.1,334.1111111,1617,39.3,47
L,300.0,328.1851852,1372,39.6,105
M,295.7,315.2222222,1685,34.9,84
L,300.6,335.962963,1425,44.9,224
M,297.8,325.2222222,1576,45.0,17
M,302.4,329.2962963,1358,54.6,61
L,299.4,324.4814815,1627,32.6,124
L,301.8,331.5185185,1441,49.3,58
L,300.4,326.3333333,1671,35.0,209
L,302.0,328.1851852,1480,40.0,199
L,300.5,328.1851852,1421,49.6,211
M,300.2,334.8518519,1465,41.4,78
L,302.6,334.4814815,1885,27.5,147
L,299.2,323.0,1386,54.1,26
L,300.2,335.5925926,1464,44.5,179
M,301.8,331.1481481,1552,35.9,97
M,297.7,324.4814815,2089,19.1,111
L,302.1,333.7407407,1415,44.1,43
M,298.8,328.5555556,1495,35.2,60
M,298.9,329.2962963,1441,41.2,189
H,301.4,328.5555556,1460,47.2,22
M,298.2,325.5925926,1457,49.0,77
M,298.7,328.5555556,1411,45.1,51
L,297.5,323.7407407,1208,62.3,28
M,303.1,338.5555556,1567,32.9,132
M,298.7,330.037037,1481,41.5,83
L,298.7,323.7407407,1297,55.3,148
M,297.4,323.7407407,1434,44.4,193
L,303.0,333.3703704,1755,30.4,205
M,299.3,331.1481481,1457,42.1,104
L,302.0,328.1851852,1701,27.2,4
M,300.4,328.1851852,1435,43.6,203
L,300.9,330.7777778,1565,35.9,81
L,300.9,330.4074074,1561,32.7,67
M,302.1,333.0,1605,37.6,171
M,300.2,334.8518519,1467,40.7,23
L,300.3,333.7407407,1525,40.7,105
H,297.5,323.7407407,1440,46.1,84
L,302.6,337.4444444,1321,53.4,42
L,298.1,320.4074074,1537,40.8,169
L,299.3,324.4814815,1772,25.2,89
M,303.1,333.7407407,1847,24.7,212
M,296.9,321.8888889,1357,41.8,127
M,297.4,324.1111111,1481,48.0,117
L,297.5,326.7037037,1517,36.7,233
L,295.4,313.3703704,1407,50.7,192
M,302.6,337.4444444,1566,36.6,46
L,302.5,335.962963,1437,46.7,65
H,297.7,323.0,1418,51.9,77
M,300.1,325.962963,1438,51.0,211
L,301.5,330.4074074,1329,46.6,24
L,297.5,322.2592593,1563,38.2,15
L,301.0,330.7777778,1932,21.7,79
L,300.5,326.3333333,1470,40.8,219
M,301.6,331.8888889,1290,65.3,63
L,302.5,334.8518519,1595,29.5,35
M,298.1,321.1481481,1662,28.9,76
M,299.8,326.7037037,1751,27.0,173
M,299.9,326.7037037,1487,42.2,198
H,298.6,327.4444444,1593,33.3,95
L,300.0,333.3703704,1351,44.1,206
M,300.8,332.2592593,1557,31.6,52
L,300.4,330.7777778,1818,25.1,14
M,303.4,339.2962963,1590,36.3,113
L,301.2,331.8888889,1461,40.6,47
M,300.1,333.7407407,1523,34.1,135
L,300.1,326.7037037,1434,47.3,127
L,296.7,320.7777778,1468,39.2,35
M,298.3,321.1481481,1609,32.4,151
L,298.2,324.1111111,1780,27.9,35
L,302.5,334.1111111,1409,53.1,126
L,302.6,332.6296296,1537,35.5,91
M,301.3,331.5185185,1391,52.5,61
M,300.1,326.3333333,1443,50.3,196
L,298.7,327.8148148,1601,35.7,176
L,297.5,326.7037037,1497,35.8,44
L,298.3,325.2222222,1657,32.2,179
L,299.4,325.2222222,1391,58.2,135
L,299.9,326.7037037,1348,52.8,31
H,298.3,322.2592593,1534,33.2,75
L,300.5,326.3333333,1528,37.0,221
M,297.6,318.5555556,1470,42.6,44
M,299.9,333.7407407,1445,41.2,169
L,299.2,330.7777778,1391,45.8,38
L,301.6,329.6666667,1384,57.1,68
M,299.8,331.8888889,1530,35.2,163
M,297.9,319.2962963,1435,42.9,18
L,297.5,323.3703704,1712,26.8,136
L,302.2,334.1111111,1987,19.9,200
M,298.6,327.8148148,1675,28.4,115
L,303.0,333.3703704,1383,44.6,198
M,297.7,325.2222222,1433,41.8,16
L,297.5,326.7037037,1357,50.1,137
L,299.6,325.2222222,1372,60.4,149
L,297.5,323.7407407,1497,43.9,91
L,300.7,331.8888889,1486,37.1,186
L,301.7,332.2592593,1557,39.4,2
L,297.3,323.0,1417,47.8,31
H,300.4,326.7037037,1487,38.9,185
L,300.0,327.4444444,1364,45.9,16
M,300.4,330.037037,1537,35.0,33
L,298.4,321.1481481,1981,23.2,16
L,302.6,330.4074074,1743,26.3,191
H,302.3,331.8888889,1438,43.8,119
M,302.9,333.3703704,1467,37.7,73
L,299.9,326.7037037,1322,53.9,33
M,304.2,340.7777778,1396,50.5,11
L,298.4,323.7407407,1304,45.0,158
L,297.7,325.5925926,1479,42.1,58
M,302.0,333.0,1769,26.0,10
L,299.1,329.6666667,1569,38.2,155
M,300.2,327.0740741,1630,28.3,51
M,302.6,334.1111111,1718,31.2,154
M,302.2,335.2222222,1584,36.2,63
L,302.8,337.0740741,1433,50.0,216
L,301.5,330.7777778,1534,39.3,119
L,303.6,339.6666667,1480,41.4,135
L,298.3,326.7037037,1668,27.1,136
L,298.9,328.9259259,1791,27.6,166
L,300.1,328.1851852,1532,39.8,115
L,297.4,325.962963,1584,42.8,186
H,300.6,327.0740741,1495,36.5,79
L,298.8,323.7407407,1730,25.9,59
H,298.7,323.3703704,1572,35.6,202
M,297.9,320.4074074,1517,39.5,69
L,300.6,330.7777778,1644,33.8,148
L,302.2,332.2592593,1452,42.3,56
L,299.3,322.6296296,1651,28.0,6
L,298.1,320.037037,1488,39.4,157
L,297.3,321.8888889,1566,35.7,156
L,300.0,326.7037037,1499,35.7,46
L,298.4,322.2592593,1618,33.0,61
L,301.7,331.8888889,1559,44.5,135
L,297.4,321.5185185,1356,51.9,184
L,300.7,331.1481481,1288,47.2,216
M,301.3,328.5555556,1501,39.5,27
L,303.4,335.962963,1377,41.6,34
M,301.8,333.0,1413,42.2,9
L,299.1,325.2222222,1405,53.8,18
L,302.1,332.6296296,1586,35.1,142
L,300.7,335.2222222,1524,43.5,222
L,299.3,330.4074074,1725,26.8,167
M,299.6,326.7037037,1605,29.8,142
L,299.2,331.1481481,1370,61.9,42
M,302.6,329.6666667,2157,17.2,94
M,300.7,327.4444444,1473,48.1,87
L,299.3,324.8518519,1258,69.4,119
L,300.0,325.5925926,1489,40.3,7
L,297.4,323.3703704,1471,43.9,45
M,298.7,328.1851852,1343,53.6,134
L,298.1,328.9259259,1534,33.7,47
L,298.9,327.4444444,1365,50.9,183
L,302.2,333.7407407,1389,46.9,106
M,303.1,338.5555556,1895,23.5,129
L,298.4,324.8518519,1402,44.8,201
L,302.8,337.8148148,1368,49.5,10
L,297.3,324.4814815,1554,36.1,70
H,298.6,322.2592593,1555,36.8,36
L,301.6,333.7407407,1706,29.9,93
M,300.7,333.0,1608,35.3,167
L,303.8,338.1851852,1372,45.7,180
M,301.5,330.7777778,1774,25.5,121
L,301.4,333.3703704,1355,50.6,37
M,300.3,334.4814815,1400,43.8,0
L,297.9,321.8888889,1585,33.5,212
L,301.9,332.2592593,1309,48.0,124
L,297.4,323.0,1531,41.5,213
L,296.6,320.037037,1542,37.4,88
L,298.1,322.6296296,1301,56.0,63
M,300.6,336.7037037,1293,52.3,49
L,297.4,326.3333333,1332,53.2,115
L,299.8,331.1481481,1707,32.5,124
M,299.8,326.7037037,1412,47.8,130
L,302.3,333.0,1630,35.6,183
M,302.9,337.0740741,1745,25.5,98
M,302.3,333.0,1295,57.1,146
M,298.5,326.3333333,1692,26.7,118
L,303.6,337.8148148,1363,53.1,7
L,300.6,327.0740741,1576,38.8,124
M,298.2,324.1111111,1269,60.9,163
L,298.2,320.7777778,1355,51.3,70
L,301.7,331.8888889,1622,37.8,0
H,304.2,341.8888889,1684,29.8,156
L,299.7,326.3333333,1592,34.2,8
L,299.7,325.962963,1422,40.4,140
L,299.3,324.1111111,1408,48.7,85
H,297.3,322.6296296,1935,19.3,24
M,298.1,327.4444444,1549,38.7,43
L,298.5,327.4444444,1724,26.4,100
H,297.3,324.1111111,1430,42.8,153
L,300.8,338.1851852,1434,50.7,121
M,296.9,321.1481481,1979,20.4,68
L,298.3,321.5185185,1451,47.1,196
L,299.5,328.9259259,1502,38.5,52
L,299.1,330.4074074,1428,46.9,87
L,299.7,332.6296296,1827,25.4,194
L,298.9,323.3703704,1459,43.1,147
H,300.7,337.8148148,1457,47.2,74
L,298.0,322.2592593,1469,45.5,214
L,298.1,328.5555556,1634,30.0,53
L,301.0,333.7407407,1349,47.0,71
L,301.9,330.4074074,1376,54.9,126
L,298.3,323.3703704,1362,53.8,164
M,297.4,325.2222222,1685,30.7,177
L,302.3,333.7407407,1621,31.6,135
L,298.7,325.962963,1586,31.4,180
L,298.3,323.7407407,1447,38.1,146
M,302.3,335.5925926,1363,54.0,119
L,299.8,326.7037037,1555,34.8,122
L,297.3,322.6296296,1538,38.5,47
M,299.8,325.5925926,1355,56.7,7
L,301.5,331.5185185,1426,46.1,81
M,301.8,328.9259259,1781,23.9,198
M,300.6,330.037037,1614,32.7,0
M,298.1,325.2222222,1661,38.2,82
L,297.6,325.5925926,1503,38.9,157
L,302.0,330.4074074,1568,39.2,112
L,298.9,329.2962963,1571,36.8,78
L,299.0,324.4814815,1310,50.7,112
L,300.9,330.4074074,1615,30.9,200
L,301.3,332.6296296,1582,35.6,202
L,302.3,332.2592593,1596,33.5,104
L,300.0,333.7407407,1484,53.2,158
L,300.2,334.8518519,1529,35.5,21
L,296.7,320.7777778,1400,47.5,3
L,302.5,330.037037,1549,40.9,170
L,297.5,323.7407407,1552,44.9,77
L,300.0,326.3333333,1972,22.0,175
L,297.0,321.8888889,1362,52.5,213
H,299.9,333.3703704,1364,49.6,50
L,302.3,332.2592593,1403,47.2,173
L,297.1,323.0,1726,28.4,202
L,302.5,329.6666667,1454,43.0,108
L,301.1,332.6296296,1918,21.7,28
M,302.0,330.7777778,1425,44.7,76
L,297.6,322.6296296,1478,42.3,193
L,302.6,331.1481481,1549,37.5,199
M,302.3,334.1111111,1855,23.9,43
M,300.9,333.7407407,1801,24.6,100
H,301.8,333.0,1543,36.4,120
L,296.3,318.9259259,1372,57.7,33
L,302.8,337.8148148,1376,57.1,8
M,298.0,319.6666667,1431,52.9,92
L,298.4,328.9259259,1554,37.3,103
L,300.8,335.2222222,1753,29.0,8
H,302.2,333.0,1553,34.1,89
L,301.3,333.3703704,1668,30.1,18
L,300.1,326.7037037,1464,41.7,30
L,299.2,328.5555556,1516,41.4,219
L,297.6,325.2222222,1528,33.8,22
L,301.0,337.4444444,1424,43.5,136
L,299.4,330.7777778,1749,28.1,179
L,298.9,325.5925926,1452,45.5,196
L,300.6,328.1851852,1502,42.4,133
L,298.3,324.8518519,1708,27.3,170
M,301.7,332.6296296,1505,37.1,190
M,303.5,334.8518519,1562,34.2,107
L,299.0,328.5555556,1548,34.5,214
L,298.8,324.8518519,1402,37.9,2
L,300.2,335.2222222,1553,41.3,44
L,303.4,335.2222222,1406,47.1,213
M,302.3,331.8888889,1611,31.8,169
L,297.9,325.5925926,1442,50.3,24
L,303.0,337.4444444,1932,21.9,132
L,297.3,322.6296296,1494,38.2,14
M,300.2,326.7037037,1501,40.0,48
L,297.6,322.6296296,1438,47.8,84
L,301.7,331.8888889,1385,50.7,133
L,298.3,325.5925926,1421,47.4,33
L,296.8,320.037037,1398,46.7,144
L,299.2,324.8518519,1588,41.5,150
L,302.2,331.1481481,1632,30.5,122
L,299.5,326.3333333,1422,49.2,179
L,301.3,331.1481481,1416,45.2,88
M,297.9,319.6666667,1642,32.4,126
L,304.0,340.4074074,1564,50.9,119
L,298.1,323.3703704,1498,49.4,5
L,300.5,336.3333333,1453,45.1,151
L,303.3,337.0740741,1506,40.0,50
H,300.9,331.1481481,1686,27.7,176
L,302.3,333.0,1546,33.1,156
M,297.6,325.962963,1442,48.1,0
L,301.9,328.1851852,1507,44.7,131
M,302.4,330.7777778,1372,45.7,144
H,300.9,333.3703704,1518,35.0,90
M,304.1,341.8888889,1587,33.6,108
L,297.5,323.3703704,1340,57.4,143
M,300.5,334.4814815,1370,56.1,7
L,295.6,314.8518519,1263,61.8,27
M,298.8,330.037037,1573,41.8,91
L,301.4,331.5185185,1436,54.1,90
M,300.9,336.7037037,1297,48.6,76
L,300.6,327.0740741,2025,21.4,64
M,299.0,325.2222222,1351,52.2,44
L,298.1,328.5555556,1563,32.8,51
L,301.3,333.0,1454,40.3,191
H,297.5,323.0,1490,39.7,34
M,297.0,321.1481481,1412,47.4,112
H,301.4,331.1481481,1674,33.6,49
L,303.8,340.037037,1427,43.0,0
L,300.2,335.5925926,1436,48.2,175
H,300.2,328.5555556,1906,22.9,165
M,297.6,323.7407407,1414,45.4,138
L,302.9,333.0,1555,33.9,96
M,304.2,342.6296296,2113,18.4,139
H,302.2,333.0,1476,39.6,96
L,298.8,328.1851852,1663,28.2,67
L,300.6,333.7407407,1531,38.5,0
M,295.6,314.4814815,1462,49.2,158
H,300.0,327.8148148,1529,42.4,107
M,301.5,331.5185185,1336,65.6,0
L,302.1,333.3703704,1422,50.3,146
L,301.3,332.2592593,2165,17.4,143
M,298.5,325.2222222,1921,22.0,196
L,297.4,323.7407407,1276,53.6,103
M,299.8,325.5925926,1456,39.4,209
L,301.5,330.7777778,1351,52.9,116
M,297.4,321.5185185,1601,34.6,181
L,298.1,320.4074074,2567,12.8,125
L,298.9,328.9259259,1422,43.6,78
L,298.8,328.1851852,1334,49.3,42
L,298.8,327.8148148,1505,39.0,131
L,302.4,336.7037037,1455,40.4,28
M,298.7,330.037037,1495,38.7,88
L,300.0,329.2962963,1477,34.6,195
L,298.4,321.5185185,1526,41.1,162
M,297.4,323.0,1478,46.2,95
M,301.5,332.6296296,1577,39.7,118
H,300.4,326.7037037,1530,40.4,112
L,302.3,331.5185185,1612,33.4,139
L,298.2,321.8888889,1382,43.5,37
M,301.7,328.5555556,1434,47.9,189
L,301.7,332.2592593,1636,31.3,42
L,297.7,325.5925926,1477,38.3,60
L,299.8,325.5925926,1546,35.6,93
L,302.2,332.6296296,1463,46.8,150
M,297.1,321.1481481,1662,26.9,183
M,302.1,333.0,1450,51.6,86
L,299.2,323.3703704,1374,53.6,143
L,298.4,324.1111111,1386,44.9,135
M,301.5,330.7777778,1737,29.3,114
L,298.4,325.962963,1425,45.5,11
H,299.2,324.1111111,1448,51.4,173
L,299.0,324.1111111,1426,38.6,16
M,296.8,319.2962963,1472,43.9,30
L,301.9,332.2592593,1574,31.4,27
L,300.3,331.5185185,1539,32.3,123
L,299.0,329.6666667,1490,41.1,54
L,301.9,330.037037,1485,46.3,24
L,301.4,333.0,1472,44.5,159
M,300.9,331.8888889,1452,43.6,185
H,298.7,327.0740741,1453,40.4,108
L,300.6,331.1481481,1454,39.7,67
M,298.8,327.8148148,1459,47.3,141
M,302.5,330.037037,1710,27.3,186
H,296.9,319.6666667,1397,48.3,22
M,302.1,331.5185185,1608,30.3,81
H,302.5,334.4814815,1626,36.0,44
L,299.0,329.2962963,1618,29.2,62
L,302.2,331.1481481,1334,53.2,159
M,300.1,329.2962963,1443,49.3,61
L,296.5,318.9259259,1501,42.1,162
L,298.3,322.6296296,1432,46.9,65
H,297.4,323.3703704,1469,45.1,63
H,302.6,334.4814815,1629,34.4,228
M,298.3,323.0,1539,43.4,69
M,300.0,325.5925926,1624,30.8,155
L,299.0,324.1111111,1537,42.8,202
M,298.9,324.1111111,1402,49.8,167
L,298.1,321.5185185,1426,46.0,61
L,298.0,324.1111111,1511,45.8,114
M,295.6,314.8518519,1435,51.6,126
M,301.6,331.5185185,1791,23.8,81
M,300.6,335.962963,1629,35.3,0
L,303.8,339.6666667,1514,34.3,180
L,302.0,330.7777778,1978,22.0,106
M,298.6,327.8148148,1635,32.2,110
M,297.9,321.8888889,1627,31.4,209
L,303.4,335.5925926,1564,35.9,171
L,299.1,329.2962963,1435,48.8,229
H,300.4,326.3333333,1396,51.2,54
L,301.1,330.4074074,1874,24.8,47
L,298.0,321.5185185,1433,39.2,87
M,300.0,326.3333333,1407,43.9,138
M,302.3,335.5925926,1475,48.0,180
L,302.8,331.8888889,1516,39.5,23
L,299.1,322.6296296,1559,33.7,30
M,299.0,328.9259259,1337,57.4,146
M,300.5,334.1111111,1390,51.9,68
M,303.7,337.8148148,1540,37.4,146
M,302.8,337.4444444,1432,49.0,218
M,302.3,329.2962963,1563,37.8,31
M,302.2,332.6296296,1436,47.0,187
L,298.1,325.2222222,1497,40.5,58
L,297.3,321.1481481,1579,34.4,193
L,302.6,330.4074074,1638,36.2,84
L,302.1,332.6296296,1364,50.0,205
L,301.0,333.3703704,1412,42.1,64
M,296.9,319.6666667,1556,31.2,116
M,298.2,324.8518519,1408,38.8,20
H,297.1,322.6296296,1492,41.5,141
L,302.3,334.1111111,1570,37.2,15
L,298.9,328.5555556,1500,44.2,115
L,298.5,326.7037037,1911,21.5,164
L,298.9,329.2962963,1944,23.4,192
L,300.5,334.8518519,1575,32.5,168
L,301.9,330.7777778,1340,55.7,204
H,298.3,325.5925926,1430,40.9,162
H,303.8,338.1851852,1748,25.1,175
L,297.9,320.4074074,1546,37.6,72
L,300.9,331.5185185,1468,36.2,208
L,298.8,323.3703704,1446,37.0,11
L,300.9,331.8888889,1476,39.0,10
L,303.0,338.1851852,1461,40.2,127
H,304.0,340.4074074,1408,39.8,132
L,301.5,333.0,2076,18.7,103
M,300.6,334.8518519,1473,31.5,69
M,297.2,323.7407407,1404,43.7,160
M,303.8,338.9259259,1364,49.3,167
L,297.5,324.1111111,1453,37.6,112
L,303.4,337.4444444,1540,38.7,96
L,296.2,318.5555556,1356,43.6,22
L,300.5,328.1851852,1445,43.9,164
L,297.1,323.3703704,1555,36.2,0
H,297.6,327.0740741,1623,33.1,224
M,300.6,328.1851852,1659,28.9,127
H,296.6,320.4074074,1654,31.0,91
M,300.8,332.2592593,1522,46.2,56
M,299.5,324.1111111,1321,51.9,114
L,303.5,335.5925926,1451,45.2,173
L,303.2,334.1111111,1610,35.5,63
M,298.1,324.8518519,1353,46.2,173
L,297.9,320.037037,1550,39.0,35
M,301.2,330.4074074,1382,41.6,117
M,301.4,333.3703704,1541,36.3,28
L,302.6,335.2222222,1542,34.1,137
L,302.6,332.6296296,2001,20.7,137
M,300.9,332.6296296,1556,38.8,127
M,303.7,338.5555556,1429,43.3,189
M,297.2,321.1481481,1747,29.0,188
M,303.0,337.0740741,1257,71.3,122
L,299.8,327.8148148,1431,40.3,101
M,300.9,331.1481481,1709,29.2,158
H,303.7,339.6666667,1460,49.8,2
L,297.5,324.8518519,1443,43.5,0
L,300.3,335.5925926,1508,43.1,57
M,297.3,322.6296296,1657,31.1,8
L,297.5,322.6296296,1544,40.8,37
L,297.3,323.0,1459,39.4,59
L,299.1,328.9259259,1394,46.6,27
H,299.7,327.4444444,1553,41.0,179
L,301.2,331.8888889,1711,28.9,38
L,296.4,318.9259259,1487,37.5,83
L,301.2,333.3703704,1558,34.1,204
L,302.9,337.8148148,1561,34.8,150
L,299.1,324.4814815,1429,50.1,84
L,300.5,334.8518519,1447,45.4,204
M,302.2,332.2592593,1302,53.4,58
L,301.8,332.2592593,1449,36.5,33
L,304.2,341.5185185,1457,49.4,96
M,299.7,330.7777778,1594,35.4,134
M,301.6,331.1481481,1553,38.9,0
L,299.7,326.7037037,1650,29.8,93
M,298.5,326.7037037,1522,47.4,20
M,301.7,332.2592593,1435,48.0,66
L,302.5,330.7777778,1507,39.5,147
M,299.7,327.4444444,1540,34.4,91
H,298.6,327.8148148,1463,39.1,66
L,299.8,327.8148148,1624,34.2,96
L,299.0,330.4074074,1371,53.8,228
M,303.9,341.1481481,1507,34.3,161
M,303.6,337.4444444,1698,31.3,100
M,301.5,333.0,1507,38.6,149
L,297.3,323.7407407,1358,47.6,110
L,300.2,334.8518519,1767,26.4,20
L,297.7,324.4814815,1896,24.5,186
L,297.4,325.5925926,1380,41.1,152
L,298.7,328.9259259,1555,32.6,197
L,298.8,329.2962963,1481,47.4,187
L,302.3,334.4814815,1794,26.1,7
M,298.8,324.1111111,1498,39.5,89
L,299.2,330.037037,1440,47.0,21
L,302.8,337.4444444,1764,29.9,162
L,298.8,326.7037037,1387,54.1,171
M,298.9,330.037037,1551,35.2,50
L,302.4,335.5925926,1648,30.0,122
L,303.3,335.2222222,1539,38.5,221
L,299.6,329.2962963,2057,20.4,60
L,300.9,331.8888889,1729,30.2,53
L,301.7,332.2592593,1608,33.0,160
L,298.6,327.4444444,1563,35.0,21
L,298.1,319.6666667,1493,43.7,153
M,298.9,323.7407407,1517,39.8,114
L,297.3,321.1481481,1797,24.7,75
L,297.9,327.8148148,2194,16.8,27
L,300.6,327.8148148,1617,33.2,185
M,301.0,334.8518519,1609,35.8,156
M,300.4,330.4074074,1544,36.3,21
M,298.5,324.1111111,1662,28.3,15
L,300.4,327.8148148,1692,27.4,115
L,302.6,335.962963,1633,30.9,89
L,297.4,323.7407407,1324,59.1,118
L,302.2,334.4814815,1543,38.5,37
M,303.5,337.0740741,1818,23.6,109
M,300.8,335.962963,1621,28.3,211
L,301.4,331.1481481,1445,43.9,210
L,302.8,337.8148148,1590,34.4,64
L,297.1,323.7407407,1442,37.1,59
L,299.0,330.037037,1868,24.0,221
L,303.9,340.4074074,1425,49.3,199
L,302.9,338.5555556,1328,59.9,24
L,301.1,334.1111111,1531,38.7,55
L,303.6,338.9259259,1637,32.9,19
L,300.3,327.4444444,1600,34.6,177
M,300.2,330.037037,1448,40.1,209
L,299.6,329.6666667,1743,24.8,99
L,304.2,343.0,1401,53.9,142
M,297.5,323.0,1685,28.1,15
L,300.8,329.2962963,1405,61.2,189
L,298.9,328.9259259,1693,28.8,56
L,298.9,329.6666667,1706,27.6,103
L,298.5,324.1111111,1575,33.9,128
L,301.0,330.037037,1617,34.5,126
L,301.3,330.037037,1460,41.5,197
L,297.5,324.4814815,1309,57.3,0
L,301.0,334.8518519,1352,63.5,143
M,302.2,332.2592593,1488,44.2,57
L,302.1,332.2592593,1658,30.3,186
L,298.8,328.9259259,1537,39.9,190
L,300.1,334.4814815,1334,54.0,26
M,300.1,327.4444444,1501,38.0,157
H,300.5,326.7037037,1642,36.2,103
M,295.8,315.2222222,1235,76.2,89
L,302.5,334.4814815,1603,32.4,194
L,295.3,313.0,1475,51.0,187
L,301.7,333.3703704,1418,38.0,166
M,297.5,326.7037037,1831,26.6,105
M,298.5,322.6296296,1440,43.6,5
L,301.4,331.8888889,1285,62.6,183
M,302.2,334.8518519,1386,50.5,69
L,300.6,335.2222222,1528,43.9,185
H,297.7,326.3333333,1400,48.9,147
L,295.7,314.4814815,1408,47.9,117
M,295.9,316.3333333,1532,38.6,104
L,297.2,321.8888889,1712,30.9,204
L,299.4,330.7777778,1514,36.1,169
L,301.1,333.3703704,1774,29.6,186
L,298.2,324.8518519,1278,54.0,18
L,301.5,331.8888889,1382,52.4,165
M,299.2,331.1481481,1443,50.9,85
L,296.9,321.8888889,1555,33.7,229
L,303.2,333.7407407,1393,52.9,12
L,303.3,334.1111111,1630,32.5,2
H,297.3,324.1111111,1478,47.6,98
L,296.8,321.5185185,1675,29.7,46
L,298.6,327.4444444,1386,48.6,25
L,302.6,336.7037037,1668,28.7,180
M,300.1,325.962963,1457,44.3,98
L,303.1,333.3703704,1679,34.8,25
L,297.3,324.1111111,1587,35.8,148
L,303.8,340.4074074,1458,42.2,25
M,301.5,331.1481481,2432,14.2,126
L,302.4,335.5925926,1416,46.1,202
L,302.6,336.7037037,1288,68.5,0
M,303.7,336.3333333,1402,48.6,76
M,300.8,327.8148148,1482,39.0,171
L,300.1,327.4444444,1649,33.6,168
L,297.7,323.3703704,1453,45.5,86
M,301.9,332.2592593,1483,37.0,35
M,300.7,327.4444444,1536,37.2,19
L,299.4,324.1111111,1504,37.8,112
M,304.4,342.2592593,1510,38.9,199
M,298.6,328.5555556,1668,32.3,6
L,297.5,323.7407407,1380,53.5,192
L,301.0,333.0,1236,64.4,177
H,301.6,331.1481481,1821,26.2,171
L,303.0,333.3703704,1456,44.0,142
L,300.6,331.1481481,1931,22.0,24
L,298.5,324.8518519,1725,31.9,205
M,300.8,337.8148148,1465,43.7,139
L,300.7,331.5185185,1541,41.3,82
H,299.4,325.2222222,1415,51.7,62
M,300.7,333.7407407,1562,37.1,58
M,299.0,330.037037,1447,39.9,78
L,301.6,332.2592593,1385,51.2,132
L,298.4,322.6296296,1452,48.5,73
L,297.8,323.0,1714,33.2,177
L,297.6,323.7407407,1491,38.1,152
L,297.2,323.3703704,1447,47.9,188
M,301.3,330.4074074,1501,39.8,187
L,297.5,324.4814815,1360,50.7,190
L,300.6,328.9259259,1635,31.0,107
H,300.6,328.1851852,1541,36.2,166
M,302.4,332.6296296,1490,37.1,168
M,300.9,336.3333333,1402,50.7,185
L,298.2,323.7407407,1433,39.5,7
M,299.8,328.1851852,1427,45.2,106
L,300.9,331.5185185,1509,37.5,12
M,298.6,326.3333333,1510,40.8,177
L,300.7,329.6666667,1493,35.9,10
L,303.7,338.1851852,1641,36.0,125
L,302.1,331.1481481,1385,53.6,5
M,300.9,334.1111111,1434,45.4,118
L,302.7,336.7037037,1543,37.5,33
L,301.5,331.1481481,1525,41.9,204
M,300.4,329.6666667,1380,47.3,5
L,300.8,331.8888889,1741,27.1,39
M,301.8,331.8888889,1508,38.8,96
L,303.9,340.4074074,1440,41.1,12
M,304.0,340.037037,1454,46.8,30
L,300.7,332.6296296,1403,48.3,70
M,300.7,332.6296296,1413,44.3,72
L,300.2,328.1851852,1430,55.0,102
L,301.5,331.5185185,1596,35.4,150
M,302.3,331.8888889,1762,27.8,127
L,300.3,333.0,1606,30.9,156
L,301.2,330.4074074,1516,44.4,53
L,297.9,321.8888889,1531,40.8,2
M,298.6,326.7037037,1460,43.8,138
L,300.5,327.4444444,1366,50.2,219
L,297.0,320.4074074,1315,60.1,128
L,303.5,336.3333333,1436,45.1,32
L,300.6,328.9259259,1505,35.9,95
L,297.5,326.3333333,1732,29.9,32
L,300.7,332.6296296,1413,52.0,91
L,296.9,321.1481481,1359,56.5,110
L,300.7,333.3703704,1399,47.9,80
L,299.0,323.0,1571,38.6,5
M,302.1,334.1111111,1467,43.4,33
M,300.7,334.4814815,1441,40.6,33
M,302.6,332.6296296,1329,48.6,111
M,297.3,323.7407407,1471,50.7,157
M,300.3,326.3333333,1391,57.9,204
L,302.6,334.4814815,1427,38.9,213
M,299.1,328.9259259,1580,36.0,195
L,299.0,329.6666667,1575,37.8,42
H,302.7,333.0,1418,43.4,130
L,303.1,333.7407407,1474,34.8,215
M,300.7,332.6296296,1378,51.6,130
L,304.1,341.5185185,1374,56.6,115
M,298.8,325.2222222,1661,29.5,162
L,300.8,334.1111111,1322,67.2,18
M,297.6,324.8518519,1433,43.2,206
L,299.0,323.7407407,1661,32.2,106
M,300.4,334.8518519,1401,49.9,79
M,298.2,326.7037037,1408,46.5,76
M,299.9,327.4444444,1364,44.4,20
L,299.7,325.2222222,1605,33.0,151
M,299.7,327.4444444,1534,39.1,176
H,300.9,336.3333333,2129,17.8,173
L,303.1,333.0,1854,22.6,19
L,300.6,328.1851852,1688,28.6,135
M,298.9,324.1111111,1772,28.4,177
L,301.2,335.2222222,1433,49.3,206
M,299.0,329.6666667,1625,31.8,89
L,302.1,331.8888889,1786,25.7,47
M,299.7,325.5925926,1851,24.7,189
L,298.9,322.6296296,1660,34.4,9
H,298.9,328.5555556,1376,51.0,32
L,298.5,324.4814815,1589,30.6,11
L,302.1,330.7777778,1559,36.0,124
L,298.7,329.2962963,1786,27.7,114
H,303.4,335.2222222,1991,19.0,53
L,298.2,324.4814815,1616,33.7,16
L,301.6,333.3703704,1525,43.7,91
L,302.2,335.2222222,1330,54.6,154
M,298.3,324.1111111,1667,28.6,18
L,303.4,337.4444444,1479,42.8,92
L,299.0,326.7037037,1758,25.7,68
L,300.5,333.3703704,1270,67.5,208
L,298.5,325.5925926,1474,41.3,189
M,301.8,333.7407407,1624,31.6,145
H,300.8,334.1111111,1453,44.6,38
L,300.7,327.0740741,1592,29.0,17
L,300.7,327.4444444,1500,44.1,122
L,302.7,330.7777778,1446,40.9,211
M,301.3,333.0,1492,41.2,223
L,298.4,325.962963,1651,28.5,141
H,300.6,333.0,1452,40.2,28
L,304.3,342.2592593,1409,56.0,19
L,300.2,327.8148148,1656,34.3,120
M,299.9,334.1111111,1480,44.9,108
M,299.9,328.5555556,1639,42.1,159
L,301.3,330.037037,1626,31.3,180
L,303.5,337.8148148,1390,47.3,164
L,300.6,330.4074074,1446,49.7,155
M,298.6,329.6666667,1668,31.5,7
M,298.7,327.8148148,1868,23.8,118
H,300.1,334.4814815,1422,46.2,134
L,298.6,327.4444444,1491,36.9,192
M,300.4,326.7037037,1875,23.9,155
M,295.8,315.962963,1514,37.7,60
H,303.7,339.2962963,1488,42.8,54
L,299.0,324.1111111,1449,38.9,18
L,298.9,328.9259259,2231,17.4,151
M,298.8,327.8148148,1477,48.5,138
L,301.3,332.6296296,1348,44.5,78
L,303.6,339.2962963,1710,27.2,14
L,300.1,327.8148148,1641,30.4,41
L,302.2,334.1111111,1397,53.0,17
L,299.0,329.2962963,1531,36.0,57
L,299.5,325.5925926,1502,44.6,13
L,303.7,339.6666667,1461,50.1,31
L,300.4,327.8148148,1467,36.9,131
L,297.6,327.0740741,1574,30.9,151
L,299.1,329.2962963,1894,24.2,22
L,300.6,329.6666667,1489,47.8,21
L,298.2,323.0,1452,43.5,158
M,303.0,338.1851852,1524,42.1,76
M,297.6,324.1111111,1419,41.7,81
L,297.4,324.1111111,1433,43.4,116
L,298.3,321.5185185,1363,50.1,96
L,301.7,328.1851852,1398,46.0,109
M,300.5,326.3333333,1881,25.5,98
L,300.8,335.962963,1486,45.1,30
L,302.3,334.8518519,1309,57.6,77
M,303.5,337.8148148,1606,31.7,22
L,300.7,329.6666667,1807,24.2,77
M,303.2,334.1111111,2102,19.0,5
L,302.7,330.7777778,1725,29.0,209
M,297.3,323.3703704,1625,32.8,92
M,302.5,330.4074074,1605,36.0,69
L,300.9,331.8888889,1490,38.1,125
L,297.1,320.7777778,1681,27.6,181
L,298.3,325.2222222,1471,48.3,91
M,298.8,327.8148148,1392,48.7,133
M,297.6,327.4444444,1530,37.3,10
M,301.0,332.2592593,1554,32.7,59
L,295.6,314.1111111,1949,21.9,5
L,302.3,334.1111111,1535,41.8,77
M,297.5,322.2592593,1624,30.9,186
M,297.6,327.8148148,1541,33.7,165
M,300.0,329.2962963,1314,53.5,199
L,299.7,331.1481481,1616,35.1,142
L,301.9,331.8888889,1650,29.8,94
L,299.2,329.6666667,1458,47.0,183
M,298.2,321.5185185,1411,47.2,168
M,300.2,334.4814815,1547,40.9,66
L,297.7,324.1111111,1688,27.2,125
L,300.4,328.5555556,1681,28.6,206
L,302.3,333.0,1589,29.9,141
M,300.2,329.2962963,1619,31.3,38
L,299.3,323.7407407,1605,37.0,78
M,301.8,331.5185185,1383,45.7,44
L,303.1,337.8148148,1404,61.5,127
L,300.5,335.5925926,1596,34.8,87
L,299.8,333.3703704,1533,35.9,137
M,301.5,331.1481481,1492,43.0,100
M,299.2,322.6296296,1755,26.4,19
L,299.4,324.8518519,1550,33.7,174
L,299.4,325.962963,1433,42.1,22
L,300.3,334.1111111,1544,41.6,97
M,297.5,322.2592593,1713,32.2,17
L,299.2,330.7777778,1458,44.1,91
L,297.6,327.0740741,1569,36.2,63
M,296.4,318.9259259,2077,19.1,80
L,302.5,330.4074074,1487,42.0,152
M,298.1,323.3703704,1372,51.1,116
L,303.7,337.8148148,1404,46.6,119
M,298.8,329.2962963,1719,28.8,206
H,299.1,322.6296296,1451,42.8,21
L,298.0,324.8518519,1500,36.7,104
H,301.5,331.1481481,1512,39.0,143
L,302.5,335.962963,1481,42.9,52
L,300.8,336.7037037,1512,37.1,169
L,297.2,323.7407407,1392,41.5,108
L,297.9,328.1851852,1461,50.5,38
L,302.0,331.5185185,1453,42.7,92
L,300.6,326.7037037,1654,32.8,57
L,298.3,321.8888889,1586,35.5,0
M,300.4,327.8148148,1466,39.8,184
L,300.8,336.3333333,1416,46.5,7
M,300.8,331.5185185,1886,21.1,44
M,300.6,330.7777778,2156,18.0,16
M,301.3,331.1481481,1378,49.4,173
L,301.1,331.5185185,1334,48.2,106
M,300.1,333.7407407,1495,41.0,193
L,302.5,330.037037,1326,58.5,55
L,302.0,333.3703704,1270,65.3,182
M,298.0,320.037037,1508,41.8,89
M,297.6,318.1851852,1471,44.9,14
M,302.2,332.2592593,1465,43.5,140
L,300.9,330.4074074,1427,47.0,65
L,302.0,331.5185185,1348,58.1,83
L,301.0,335.2222222,1547,34.5,152
L,300.8,335.2222222,1414,49.0,10
H,301.9,332.6296296,1430,49.8,174
M,300.8,327.4444444,1546,42.3,186
L,301.4,331.5185185,1425,45.1,7
M,302.3,332.6296296,1421,41.3,182
M,302.3,335.2222222,1423,44.6,93
L,299.8,330.037037,1687,30.4,33
M,301.0,333.7407407,1454,41.5,57
M,298.1,321.5185185,1686,29.3,35
L,303.5,335.962963,1515,39.2,24
L,296.5,319.6666667,1443,41.8,87
L,303.4,335.962963,1531,37.9,203
M,299.9,327.0740741,1582,38.2,160
M,300.8,330.037037,1494,42.2,35
M,300.5,335.2222222,2141,17.2,196
L,301.7,333.7407407,1348,51.0,87
M,297.3,324.1111111,1542,37.0,184
L,298.1,321.1481481,1425,58.2,57
L,297.3,323.3703704,1528,44.5,140
M,300.1,334.8518519,1433,51.4,76
L,299.1,330.7777778,1736,26.9,74
H,300.2,334.1111111,1319,54.6,15
M,299.7,325.5925926,1352,46.1,102
M,300.9,335.962963,1310,56.1,35
L,297.4,324.1111111,2874,4.2,118
H,300.2,328.1851852,1374,47.7,8
L,302.4,336.3333333,1457,45.5,206
M,301.7,333.0,1578,40.5,174
M,297.2,323.3703704,1364,55.6,163
L,303.6,335.2222222,1491,39.8,92
M,300.4,332.6296296,1433,46.1,199
L,300.8,332.2592593,1732,25.7,109
L,303.7,338.5555556,1702,29.1,141
M,297.2,323.3703704,1604,34.9,200
L,298.4,326.3333333,1806,27.6,64
L,300.0,326.3333333,1397,51.2,173
L,304.0,340.7777778,1416,46.0,128
L,302.0,331.5185185,1698,28.1,39
L,300.5,334.1111111,1642,27.1,37
H,297.9,321.5185185,1800,24.8,44
M,299.6,325.962963,1393,47.7,28
L,303.5,335.5925926,1944,23.5,159
L,303.4,339.2962963,1513,35.8,92
L,300.9,333.7407407,1449,40.2,168
H,302.5,336.3333333,1579,35.7,167
L,298.8,328.9259259,1672,30.4,150
L,297.5,323.0,1384,56.0,73
L,298.3,325.962963,1562,37.6,137
M,302.3,335.5925926,1559,34.4,191
L,304.1,340.7777778,1824,25.8,186
M,297.5,323.3703704,1447,41.6,118
L,298.8,328.9259259,1611,32.4,183
L,304.0,340.4074074,1648,35.7,119
L,300.0,327.8148148,1554,32.0,117
L,302.1,331.5185185,1491,42.8,98
L,299.5,324.1111111,2549,13.0,179
M,297.5,326.7037037,1391,58.2,34
L,297.6,322.6296296,1623,36.9,61
L,298.4,321.5185185,1605,32.4,154
L,302.7,336.7037037,1601,35.2,31
L,298.6,326.7037037,2312,15.5,44
L,300.3,334.4814815,1403,60.1,58
M,299.7,327.4444444,1313,60.0,186
M,303.7,338.5555556,1671,30.5,163
M,300.2,330.037037,1704,29.2,42
L,300.8,335.5925926,1427,43.3,180
L,298.7,327.4444444,1442,55.6,194
L,300.1,333.7407407,1479,39.5,133
L,298.3,324.8518519,1862,27.0,172
L,300.8,334.1111111,1536,40.9,22
H,298.5,325.5925926,2051,19.0,184
H,296.9,320.7777778,1345,54.5,172
M,300.2,330.037037,1704,29.4,221
L,302.1,334.1111111,1549,44.6,31
M,298.1,320.7777778,1384,43.7,200
L,303.5,340.037037,1482,38.5,82
L,298.2,320.7777778,1439,41.6,62
M,298.9,328.1851852,1353,53.7,71
L,299.1,321.8888889,1479,40.7,10
L,297.4,321.8888889,1435,45.7,110
L,301.2,332.6296296,1567,35.1,64
H,301.8,333.0,1463,50.1,149
L,299.3,325.2222222,1786,23.5,100
L,297.2,323.7407407,1413,49.8,12
L,298.1,322.6296296,1495,38.7,188
L,303.6,337.8148148,2232,16.8,0
M,301.1,333.7407407,1909,22.7,38
L,299.2,323.0,1620,34.1,89
L,300.8,337.4444444,1858,26.3,144
L,297.4,324.1111111,1402,40.2,114
M,301.7,329.2962963,1431,44.0,61
L,298.2,320.7777778,1585,34.6,78
M,303.8,338.5555556,1406,47.1,162
L,295.6,314.8518519,1823,25.8,29
L,304.2,340.7777778,1464,44.9,37
M,302.4,335.5925926,1644,37.2,195
M,295.6,314.4814815,1669,29.0,161
L,297.2,322.6296296,1656,30.3,124
M,298.0,322.2592593,1373,51.2,215
L,298.1,325.2222222,1557,36.0,56
M,298.6,327.0740741,1566,38.1,89
M,302.3,333.3703704,1842,23.9,111
L,302.1,334.1111111,1518,37.4,102
M,300.2,334.1111111,1427,39.7,196
L,301.4,330.4074074,1559,39.4,199
H,301.5,330.7777778,1587,33.8,57
L,300.7,331.1481481,1407,40.5,87
L,300.0,334.1111111,1483,45.6,187
H,298.2,324.4814815,1837,28.4,34
L,300.6,335.2222222,1448,49.1,206
L,297.9,325.5925926,1457,44.4,28
H,299.6,332.2592593,1679,31.2,120
L,301.1,330.7777778,1428,44.1,103
M,297.9,325.5925926,1558,39.2,59
M,298.0,328.5555556,1565,33.9,40
L,301.2,331.1481481,1670,30.0,40
M,296.3,318.5555556,1286,51.1,177
M,296.6,319.2962963,1790,25.8,72
H,300.8,331.1481481,1465,44.1,136
M,297.8,318.9259259,1315,54.0,180
L,301.7,331.1481481,1624,34.5,216
M,301.0,331.5185185,1455,46.1,103
L,299.0,329.2962963,1664,29.7,89
L,297.4,323.7407407,1524,43.1,73
L,301.8,331.8888889,1505,41.2,33
H,297.3,323.0,1531,35.6,16
M,299.8,327.8148148,1705,28.5,103
M,301.4,331.8888889,1782,26.5,6
M,298.9,329.6666667,1603,36.1,126
M,298.6,327.4444444,1525,42.4,2
M,297.5,322.6296296,1459,45.2,34
L,298.3,323.3703704,1453,42.9,89
M,301.4,333.0,1758,25.4,88
M,298.2,320.7777778,1599,31.2,173
L,303.3,334.8518519,1337,56.8,187
M,301.7,331.5185185,1861,21.8,84
L,297.4,325.2222222,1833,22.6,161
L,302.5,332.2592593,1624,34.4,146
M,297.5,323.7407407,1842,27.0,133
L,300.1,330.4074074,1554,39.4,115
M,298.0,321.5185185,1555,37.0,111
H,297.0,321.1481481,1448,45.6,172
L,298.9,325.5925926,2861,4.6,143
M,300.2,329.6666667,1438,51.5,7
H,298.3,326.7037037,1631,29.8,0
L,300.6,328.1851852,1455,48.0,125
L,299.6,325.5925926,1476,45.3,166
L,300.5,335.962963,1710,28.4,158
L,300.2,335.2222222,1448,54.2,173
H,299.0,322.2592593,1662,30.4,55
M,300.6,326.7037037,1541,35.2,105
L,302.2,333.7407407,1554,40.2,118
L,300.7,335.5925926,1443,43.7,217
L,298.9,330.4074074,1831,25.4,81
L,298.5,321.5185185,1379,49.6,152
L,302.0,327.8148148,1414,36.3,209
L,297.8,327.8148148,1394,42.9,206
M,297.3,321.8888889,1369,52.0,214
M,301.0,330.4074074,1793,25.0,142
L,302.6,332.6296296,1620,36.2,139
M,300.6,326.7037037,1581,35.7,117
L,298.5,326.7037037,1548,37.7,43
M,299.5,326.3333333,1902,24.0,151
M,299.2,331.8888889,1502,39.8,177
L,297.0,320.7777778,1414,47.5,168
M,301.6,328.5555556,1746,31.1,83
M,303.3,334.4814815,1373,47.3,60
L,299.3,323.3703704,1413,38.5,57
L,298.3,327.8148148,1484,44.3,173
L,302.3,335.2222222,1453,41.2,147
H,299.4,325.962963,1513,36.1,212
L,297.5,324.4814815,1502,45.9,150
M,297.1,323.0,1421,42.0,165
M,300.2,329.2962963,1485,40.5,188
L,303.5,338.1851852,1380,46.1,166
L,302.5,330.4074074,1487,40.2,48
H,299.1,322.2592593,1450,46.1,112
M,300.8,327.4444444,1404,38.7,44
H,298.6,327.0740741,1375,41.0,39
H,301.3,328.9259259,1532,36.3,2
M,296.8,320.7777778,1551,38.9,112
H,301.1,331.1481481,1388,58.5,68
L,303.7,339.2962963,1448,44.5,55
H,304.2,340.037037,1442,40.9,23
L,297.4,323.7407407,1494,42.6,161
L,298.0,320.4074074,1407,43.9,205
H,302.3,329.2962963,1383,42.9,24
H,304.2,341.1481481,1625,37.3,27
M,299.3,331.8888889,1523,40.9,141
L,299.1,322.6296296,1601,31.4,121
M,299.9,325.962963,1548,35.7,97
H,303.3,338.5555556,1827,24.2,132
M,299.1,329.2962963,1412,44.4,24
L,302.3,329.6666667,1548,35.3,170
L,298.4,326.3333333,1531,37.4,16
L,304.1,341.1481481,1452,43.9,182
M,301.2,332.2592593,1460,46.7,166
M,299.6,324.8518519,1568,35.3,77
L,303.3,338.5555556,1463,44.0,140
L,299.4,324.1111111,1459,47.6,96
M,302.6,334.8518519,2041,19.2,174
M,299.6,326.3333333,1577,39.8,48
M,300.5,335.962963,1670,26.3,89
L,303.7,337.4444444,1511,38.9,117
L,298.3,325.2222222,1519,40.0,96
M,300.8,331.1481481,1505,36.2,0
L,299.1,322.6296296,1892,25.2,34
M,303.4,335.5925926,1316,50.9,69
L,298.2,322.6296296,1589,33.2,94
L,298.9,326.3333333,1665,32.5,93
L,298.0,320.7777778,1567,36.4,109
M,299.2,322.2592593,1674,28.2,14
L,302.3,332.6296296,1528,43.1,30
L,300.2,334.1111111,1452,47.8,34
M,303.8,338.9259259,1500,41.7,125
L,301.8,332.2592593,1609,31.7,202
M,304.3,341.8888889,1416,48.1,167
M,301.2,330.037037,1379,43.2,56
L,296.9,321.1481481,1367,47.1,204
M,298.1,324.1111111,1315,56.8,59
M,300.6,327.0740741,1550,40.2,96
L,298.8,328.1851852,1463,40.0,90
M,297.4,324.8518519,1323,57.3,163
L,301.3,331.8888889,1628,32.2,43
L,301.1,331.8888889,1608,32.9,119
L,297.5,326.7037037,1443,45.4,70
H,298.5,325.962963,1568,40.6,39
L,302.6,335.2222222,1254,54.1,19
M,299.9,327.0740741,2065,18.1,62
H,301.7,330.7777778,1388,50.5,176
L,299.8,326.7037037,1630,32.4,53
L,300.5,334.4814815,1651,36.9,65
L,300.7,331.5185185,1416,40.4,214
H,298.4,324.8518519,1782,23.9,24
L,297.6,322.6296296,1617,31.7,39
L,297.4,322.6296296,1704,27.3,65
L,300.5,331.1481481,1540,46.7,206
L,302.4,332.6296296,1329,54.6,176
H,297.6,324.1111111,1659,32.1,49
H,298.0,326.7037037,1490,40.5,53
M,303.7,338.9259259,1469,48.5,147
L,302.3,332.2592593,1412,48.9,28
L,298.2,320.7777778,1627,31.5,64
M,298.1,326.7037037,1362,47.6,70
L,302.7,337.8148148,1444,48.7,9
L,299.2,330.4074074,1611,36.4,32
M,300.4,329.2962963,1457,35.1,193
L,303.5,337.4444444,1681,29.8,25
H,300.8,330.037037,1457,46.8,182
L,303.9,338.5555556,1642,32.3,127
L,299.6,326.7037037,1331,46.4,16
L,300.4,334.4814815,1596,32.5,154
L,298.9,323.3703704,1467,44.7,136
L,299.3,324.1111111,1536,38.9,94
H,297.3,323.3703704,1435,55.0,104
L,302.6,335.5925926,1427,50.1,21
L,299.0,329.6666667,1494,40.6,67
L,303.4,334.8518519,1712,30.1,182
H,297.3,324.4814815,1564,38.0,191
H,298.1,320.037037,1496,44.1,104
H,301.9,328.1851852,1724,27.5,126
L,302.3,332.6296296,1591,32.7,171
L,298.0,323.3703704,1395,46.2,122
H,298.3,321.5185185,1553,41.0,52
L,300.6,329.6666667,1341,52.6,21
L,300.6,335.2222222,1488,47.7,22
L,300.9,336.7037037,1711,28.8,74
L,298.2,322.2592593,1988,21.4,41
M,303.7,338.9259259,1396,47.3,158
L,299.5,326.3333333,1972,19.3,177
L,300.4,335.5925926,1320,57.9,168
H,296.7,321.1481481,1424,53.8,133
L,302.2,334.8518519,1658,31.4,89
L,302.8,332.2592593,1708,29.8,42
M,298.9,323.3703704,1555,37.6,142
H,296.8,319.6666667,1695,30.0,33
M,302.7,337.0740741,1350,58.6,2
M,298.0,321.8888889,1403,44.8,148
L,297.5,323.0,1747,31.0,45
L,300.9,332.6296296,1316,56.5,120
L,301.3,330.4074074,1507,39.1,194
L,295.9,316.3333333,1414,50.2,51
H,300.5,332.2592593,1447,46.5,137
L,298.4,323.7407407,1477,44.0,124
L,301.7,330.7777778,1399,53.2,174
M,302.1,331.8888889,1409,41.3,39
H,297.3,323.7407407,1688,29.4,166
L,299.8,326.7037037,1609,32.5,27
M,301.3,329.2962963,1525,37.8,199
L,300.3,328.9259259,1560,40.8,182
L,300.4,327.0740741,1447,39.3,110
M,295.4,313.3703704,1526,38.2,181
L,298.6,328.1851852,1497,41.6,118
L,301.0,330.4074074,2204,16.6,175
L,304.1,340.4074074,1969,20.8,59
M,300.0,325.5925926,1474,45.2,152
L,299.1,322.6296296,1305,61.4,17
L,300.8,333.3703704,1376,48.1,172
M,299.0,327.8148148,1418,44.7,209
L,300.7,335.962963,1462,39.7,181
M,297.3,324.1111111,1655,34.1,21
M,298.0,324.1111111,1377,48.5,181
L,301.9,331.1481481,1610,33.4,87
M,298.4,325.5925926,1467,39.6,78
M,303.0,338.1851852,1602,33.7,135
L,299.2,330.4074074,1379,46.8,39
M,298.0,323.7407407,1453,44.1,165
H,302.3,335.2222222,1449,44.5,152
M,299.8,333.0,1763,25.5,171
H,297.0,321.8888889,2540,13.3,98
H,301.3,331.1481481,1605,32.5,59
L,301.7,331.5185185,2023,20.9,5
L,300.3,330.4074074,1742,25.9,7
L,299.3,325.962963,1465,41.5,127
L,302.5,334.4814815,1985,18.8,190
M,302.4,330.4074074,1586,34.3,149
L,299.0,323.3703704,1604,34.7,159
M,299.4,331.5185185,1492,45.7,219
L,301.8,331.8888889,1736,26.5,56
L,304.1,341.1481481,1459,50.3,39
M,297.5,324.8518519,1436,44.8,2
L,299.3,323.7407407,1433,37.7,42
L,302.0,330.7777778,1809,27.1,175
L,300.8,333.0,1509,33.4,172
L,304.0,339.6666667,1313,53.9,202
M,301.8,333.0,1399,41.8,125
L,296.3,318.9259259,1444,49.0,13
L,300.1,334.4814815,1471,47.2,201
L,302.2,331.8888889,1438,41.4,66
M,300.3,334.4814815,1528,40.9,76
L,300.7,331.1481481,1447,40.7,82
L,297.6,327.0740741,1549,34.9,68
M,300.5,334.4814815,1378,48.2,82
L,298.1,320.4074074,1388,40.3,109
L,300.3,335.2222222,1635,31.8,156
L,302.0,333.7407407,1567,41.1,26
L,298.8,324.1111111,1450,43.4,66
L,299.3,324.1111111,1579,36.3,211
L,301.4,329.2962963,1502,46.6,37
L,302.5,337.0740741,1775,27.9,56
M,304.0,340.7777778,1500,40.6,124
M,300.3,334.4814815,1445,47.3,40
L,300.8,335.962963,1560,31.8,21
L,302.6,337.4444444,1554,42.0,58
H,302.4,329.6666667,1435,44.9,127
L,297.7,326.3333333,1893,24.6,15
L,300.8,333.3703704,1397,48.7,111
L,301.9,330.4074074,1889,21.5,92
L,297.9,326.7037037,1558,35.7,39
L,298.2,322.2592593,1466,42.4,164
M,298.2,320.4074074,1952,21.6,93
M,297.2,321.1481481,1530,35.9,197
M,303.7,340.037037,1469,39.9,137
L,302.3,333.3703704,1386,50.3,110
M,298.2,324.8518519,1592,35.2,142
L,301.7,331.1481481,1743,26.2,71
M,300.4,327.8148148,1440,42.8,104
M,298.3,321.8888889,1722,28.6,89
L,299.2,323.7407407,1381,50.0,193
L,299.1,323.0,1543,37.9,130
M,300.7,333.7407407,1348,53.0,35
L,304.1,341.1481481,1883,24.5,190
M,303.8,339.2962963,1420,47.9,200
H,299.8,325.962963,1435,42.6,111
L,298.9,325.5925926,1383,54.9,145
M,301.7,333.3703704,1563,34.5,139
H,298.8,329.2962963,1380,44.0,56
L,299.1,330.7777778,1329,54.9,58
L,299.1,323.7407407,1408,46.7,196
M,300.8,330.7777778,1696,29.7,162
M,300.1,325.962963,1454,44.4,19
L,301.2,331.8888889,1392,52.6,23
L,300.2,326.3333333,1532,43.2,53
L,297.7,318.1851852,1715,30.2,0
H,302.0,331.1481481,1438,43.2,12
M,302.2,334.1111111,1539,35.1,24
M,301.7,332.6296296,1510,47.8,27
L,303.7,338.1851852,1462,46.2,165
M,301.0,332.2592593,1910,21.9,37
L,296.9,321.5185185,1514,41.0,120
L,299.6,332.2592593,1658,28.0,76
M,299.0,329.6666667,1564,39.9,97
L,302.3,331.8888889,1511,48.1,24
L,300.0,327.0740741,1728,26.0,37
L,298.7,325.962963,1396,44.8,178
M,303.6,338.1851852,1459,48.2,17
L,302.9,337.0740741,1677,30.5,46
L,297.5,324.4814815,1533,41.5,223
H,302.0,328.1851852,1280,57.3,147
M,297.9,328.9259259,1439,41.7,185
L,295.6,314.1111111,1419,51.1,7
L,300.0,325.962963,1759,27.9,5
L,301.5,331.1481481,1998,20.2,210
L,302.3,334.8518519,1658,32.3,150
L,297.0,322.2592593,1577,29.4,130
M,298.8,328.1851852,1413,45.5,64
L,297.9,321.5185185,1296,62.9,41
L,299.9,330.037037,1268,53.3,146
L,302.0,331.1481481,1358,53.1,194
L,300.1,334.1111111,1572,36.2,199
L,300.8,328.1851852,1657,31.1,151
L,299.8,332.2592593,1545,40.7,166
H,297.0,321.1481481,1846,27.3,179
L,303.5,335.962963,1493,38.7,14
M,299.3,324.8518519,1577,34.9,160
M,300.7,335.962963,1697,28.2,191
L,302.7,335.962963,1389,46.5,15
L,304.0,340.4074074,1465,41.0,69
H,301.9,333.3703704,1474,41.8,18
H,300.7,331.1481481,1631,32.6,43
M,297.6,322.6296296,1538,40.2,0
L,300.3,335.2222222,1445,47.3,15
L,300.5,328.1851852,1428,43.8,119
L,297.0,320.7777778,1553,33.3,155
L,297.4,322.6296296,1475,40.5,222
L,299.6,329.6666667,1588,34.1,38
M,298.9,331.5185185,1638,33.6,218
L,298.3,321.1481481,1399,47.8,99
L,300.8,327.8148148,1418,46.6,12
H,299.0,324.1111111,1408,48.5,25
M,299.5,331.5185185,1423,56.5,7
L,296.9,321.1481481,1535,39.2,133
L,300.7,335.962963,1486,35.8,32
M,302.2,330.7777778,1832,23.7,129
L,298.1,323.0,1592,38.2,211
M,298.1,320.7777778,1608,32.6,57
M,301.9,332.6296296,1384,47.4,121
L,300.7,332.6296296,1436,44.9,119
L,296.6,319.2962963,1368,45.1,185
L,297.9,328.5555556,1542,33.8,33
H,299.0,330.037037,1658,27.6,69
M,301.5,330.4074074,2639,12.0,21
L,300.6,327.4444444,1411,41.6,140
L,299.0,325.5925926,1592,35.0,200
L,301.8,331.1481481,1452,48.4,110
M,302.3,335.2222222,1639,36.6,121
H,297.8,321.1481481,1600,33.5,13
L,301.4,331.1481481,1555,43.3,212
L,298.9,323.7407407,1413,46.5,122
L,296.8,321.1481481,1413,46.5,121
L,301.0,330.7777778,1248,61.4,77
H,300.2,334.4814815,1432,43.6,127
L,299.3,325.2222222,1419,46.6,158
M,302.2,330.4074074,1456,47.5,167
L,297.4,326.7037037,1473,45.5,94
M,297.4,321.5185185,1355,55.1,63
L,301.2,328.5555556,1382,52.4,13
L,300.5,335.2222222,1619,32.7,85
M,300.5,328.1851852,1410,44.4,111
L,302.0,332.6296296,1865,22.7,48
L,295.5,314.8518519,1448,48.9,65
L,297.5,323.3703704,1691,33.1,9
L,300.1,334.1111111,1438,42.2,139
L,300.9,327.8148148,2355,14.4,201
H,303.2,334.1111111,1607,36.6,43
L,301.3,329.2962963,1662,31.0,37
L,300.5,327.8148148,1616,34.5,155
M,299.4,326.3333333,1692,28.4,201
L,301.8,328.9259259,1642,32.6,201
L,300.1,334.1111111,1629,31.3,41
L,301.4,330.7777778,1633,39.5,0
L,302.7,337.8148148,1954,24.8,13
L,299.7,326.3333333,1417,54.6,131
M,299.7,331.8888889,1405,47.6,192
L,300.3,335.962963,1609,34.0,177
M,301.0,334.8518519,1448,43.9,145
L,303.7,337.0740741,1568,33.8,96
L,303.9,338.9259259,1602,33.9,165
L,301.6,330.4074074,1599,41.7,116
H,297.7,323.0,1738,27.7,96
L,301.0,332.2592593,1828,25.1,166
L,300.0,326.3333333,1473,46.0,35
L,299.0,328.9259259,1484,39.6,212
L,298.8,328.1851852,1753,27.5,130
M,298.1,324.8518519,1804,25.1,118
L,301.7,327.0740741,1298,65.5,229
M,298.5,321.8888889,1501,39.2,127
L,300.9,332.2592593,1995,20.2,105
L,298.9,324.1111111,1727,29.4,116
L,300.2,334.4814815,1528,36.1,125
L,297.8,319.2962963,1512,40.8,137
L,298.4,321.1481481,1544,35.9,132
H,297.8,319.6666667,1631,31.3,124
L,297.6,323.7407407,1355,46.4,13
M,299.4,325.5925926,1326,62.0,142
L,303.6,335.5925926,1614,33.2,155
L,301.5,331.5185185,1568,33.1,38
M,299.9,326.7037037,1509,42.8,190
M,297.4,325.2222222,1497,41.8,144
L,302.0,333.7407407,1509,39.9,25
M,297.2,321.5185185,1478,42.5,56
L,298.3,326.7037037,1568,35.8,140
L,298.0,321.8888889,1454,37.1,35
H,301.2,337.8148148,1395,47.8,90
M,300.9,333.0,1546,37.7,133
L,298.4,323.7407407,1433,47.1,101
L,297.3,324.1111111,1506,39.3,187
L,300.0,327.0740741,1641,30.1,35
M,301.7,333.0,1489,41.4,108
H,300.4,328.1851852,1448,39.7,107
H,299.5,331.8888889,1600,32.4,67
M,298.3,320.4074074,1717,27.1,7
L,297.4,322.6296296,1490,42.6,164
L,301.0,327.8148148,1468,42.0,141
L,299.3,323.7407407,1314,48.2,65
M,300.4,330.7777778,1500,43.0,9
M,300.7,331.1481481,1572,38.5,50
M,300.7,332.6296296,1740,25.6,176
H,304.2,341.8888889,1546,41.4,58
L,299.6,325.962963,1601,33.3,33
L,298.2,321.8888889,1462,49.9,69
M,300.2,325.5925926,1406,42.2,40
M,299.1,330.037037,1233,59.0,81
L,299.3,325.5925926,1470,41.1,118
M,302.1,334.4814815,1866,23.1,159
L,298.3,327.4444444,1527,30.9,189
L,298.0,324.4814815,1790,27.2,193
M,298.3,325.5925926,1632,32.7,0
L,298.7,327.0740741,1446,40.0,160
L,299.0,324.1111111,2250,16.6,208
L,298.6,322.6296296,1278,60.5,32
L,298.2,321.5185185,1411,42.4,48
L,297.9,320.037037,1344,54.3,151
L,298.3,325.5925926,1593,40.1,18
L,296.3,319.2962963,1465,47.1,215
L,299.2,331.5185185,1737,27.0,225
L,299.2,322.6296296,1410,43.0,26
L,298.6,327.4444444,1540,35.8,5
L,298.4,326.3333333,1512,35.8,18
L,299.9,325.962963,1491,44.3,214
L,300.4,330.4074074,1298,61.4,19
H,302.3,333.0,1455,40.3,145
L,297.8,324.4814815,1559,35.2,66
L,302.2,331.8888889,1673,32.9,52
L,302.7,336.3333333,1501,37.0,77
L,302.3,335.2222222,1648,32.1,197
M,297.6,323.7407407,1585,42.0,90
L,302.9,337.4444444,1889,22.8,148
M,299.8,330.037037,1805,23.7,198
L,299.4,326.3333333,1401,59.0,38
M,298.9,322.2592593,2022,20.0,23
L,297.5,323.3703704,1462,52.3,148
L,302.7,337.0740741,1450,52.1,213
M,300.7,331.1481481,1488,39.2,189
L,302.2,333.7407407,1475,48.6,104
M,299.1,330.4074074,1524,51.4,66
M,300.2,328.9259259,1664,30.7,179
L,299.1,323.7407407,1260,57.8,152
L,298.5,327.0740741,1294,66.7,12
L,299.3,325.2222222,1511,47.8,148
L,299.6,325.962963,1559,39.1,110
L,302.3,336.3333333,1746,28.1,167
L,299.9,327.0740741,1567,35.5,171
L,297.6,323.7407407,1383,47.5,75
L,302.0,331.8888889,1948,19.7,66
M,301.2,330.037037,1357,54.5,49
L,299.2,331.1481481,1567,38.4,172
L,297.4,323.0,1573,34.5,205
M,297.6,323.7407407,1595,36.9,25
M,303.8,340.4074074,2117,18.6,22
L,297.9,321.1481481,1476,45.2,91
L,297.3,322.6296296,1430,41.9,95
L,297.9,320.037037,1977,20.2,182
L,299.4,331.8888889,1376,53.9,215
H,300.0,333.3703704,1393,43.1,45
L,300.3,335.5925926,1418,45.9,53
M,299.3,326.3333333,1523,37.9,204
L,297.7,325.2222222,1507,38.2,94
L,299.1,323.7407407,1437,41.6,183
L,300.6,328.9259259,1511,36.9,105
L,300.7,327.0740741,1479,34.5,197
M,299.5,332.2592593,1378,48.7,119
L,300.8,332.2592593,1457,47.7,82
M,297.8,323.3703704,1488,41.9,196
M,300.3,334.1111111,1386,48.1,119
H,297.7,322.2592593,1526,40.1,165
L,300.6,327.4444444,1684,32.8,53
L,297.8,321.1481481,1447,48.6,46
M,304.0,340.4074074,1694,31.4,116
M,299.3,325.962963,1440,37.5,111
L,296.9,320.7777778,1400,57.1,202
L,298.9,322.2592593,1686,30.4,53
M,302.9,337.8148148,1334,50.9,5
L,298.4,322.6296296,1433,62.3,20
M,300.8,326.7037037,1342,62.4,113
M,298.5,321.5185185,1461,51.9,157
L,299.9,333.7407407,1647,27.5,26
L,301.1,333.7407407,1268,60.0,53
M,300.3,335.962963,1429,41.6,184
L,302.4,329.6666667,1539,37.7,29
L,301.4,330.037037,1374,47.6,176
H,302.0,328.5555556,1735,27.2,192
L,298.3,325.5925926,1395,49.8,133
M,298.6,326.7037037,1407,45.1,176
M,297.5,324.1111111,1446,53.0,168
M,302.6,329.6666667,1563,39.0,97
L,300.6,330.037037,1920,22.3,223
L,300.4,327.8148148,1685,31.3,152
L,300.7,335.5925926,1441,38.1,34
L,300.5,334.8518519,1509,47.2,202
M,298.5,327.4444444,1438,44.5,124
M,298.9,328.1851852,1392,43.1,218
M,297.8,328.1851852,1676,29.0,178
M,302.2,334.4814815,1360,53.0,36
L,301.8,333.3703704,1840,26.6,202
L,300.2,330.4074074,1518,41.8,5
L,297.5,323.3703704,1546,40.4,129
M,302.9,338.1851852,1551,40.0,20
M,302.1,333.3703704,1616,35.1,57
L,300.2,335.5925926,1410,51.4,189
L,301.6,331.5185185,1457,40.4,213
H,297.0,320.7777778,1404,40.7,184
M,300.5,334.8518519,1454,41.4,108
L,299.9,325.5925926,1412,48.3,198
L,298.3,325.5925926,1403,45.1,138
L,302.2,332.2592593,1604,40.5,68
L,302.5,329.6666667,1716,29.9,156
M,300.7,327.4444444,1525,36.5,71
M,301.1,333.0,1615,37.7,153
L,301.2,329.6666667,1385,42.3,42
L,299.1,330.037037,1472,46.6,157
L,299.2,324.4814815,1405,51.4,183
M,301.0,331.5185185,1657,29.9,148
L,297.9,324.8518519,1566,41.9,50
M,302.3,333.3703704,1432,42.7,68
L,300.7,331.8888889,1479,49.1,71
M,297.7,324.8518519,1530,39.1,108
H,300.2,334.4814815,1515,36.8,27
M,300.3,334.8518519,1617,32.5,115
H,302.3,334.8518519,1441,53.9,74
L,298.8,328.1851852,1437,42.8,23
L,300.4,333.0,1397,50.8,189
L,297.1,324.1111111,1474,42.3,64
L,300.5,333.7407407,1490,41.8,39
M,299.2,323.0,1415,43.5,53
L,302.5,329.6666667,1477,41.6,16
L,297.2,323.7407407,1652,32.1,52
L,299.1,331.5185185,1309,51.1,188
L,302.2,331.8888889,1744,29.7,16
L,301.0,332.2592593,1479,44.3,194
M,302.0,331.1481481,1539,37.4,96
L,302.7,337.4444444,1346,61.2,170
M,302.3,333.3703704,1405,47.7,88
L,298.2,320.7777778,1375,46.6,188
L,298.3,328.9259259,1858,23.9,114
L,299.7,326.7037037,1362,51.9,117
L,301.0,333.0,1615,35.6,158
L,298.9,324.4814815,1281,53.9,77
L,300.3,335.2222222,1452,41.5,172
M,298.2,324.1111111,1599,36.2,28
L,298.9,328.5555556,1517,36.6,117
L,298.8,328.1851852,1634,33.6,27
L,297.8,318.5555556,1498,38.1,188
L,301.4,331.1481481,1634,31.1,171
M,300.7,332.6296296,1706,25.0,153
L,296.1,318.1851852,1651,35.7,167
L,302.4,335.5925926,1508,45.7,108
L,297.4,321.1481481,1390,47.7,156
L,303.9,341.5185185,1442,48.5,174
L,297.6,326.3333333,1610,35.0,6
M,297.4,322.2592593,1530,32.6,22
L,300.6,331.5185185,1455,40.6,82
L,299.3,330.7777778,1818,26.0,102
L,300.7,332.6296296,1312,52.1,107
L,298.7,327.8148148,1510,40.6,162
H,302.7,338.1851852,1527,36.4,26
L,299.9,329.6666667,1288,69.6,62
M,298.2,322.6296296,1522,49.1,22
L,298.6,326.7037037,1667,35.6,185
L,301.6,328.1851852,1472,42.5,91
L,297.4,324.4814815,1640,34.2,142
L,299.8,328.1851852,1749,33.4,153
L,298.4,326.7037037,1385,50.0,201
M,298.5,326.7037037,1565,33.7,150
L,297.4,323.0,1371,57.4,52
L,300.1,326.7037037,2141,17.9,33
L,297.8,320.4074074,1393,38.0,29
L,299.8,333.7407407,1560,35.4,178
L,297.6,322.6296296,1502,43.2,139
L,304.3,341.8888889,1590,29.8,17
L,304.1,341.8888889,1469,44.6,113
L,299.8,333.3703704,1664,28.3,173
L,297.6,325.962963,1390,43.3,221
M,301.2,329.2962963,1479,45.5,44
L,300.1,327.8148148,1362,49.1,23
L,299.6,331.8888889,1644,30.9,114
M,297.5,325.962963,1347,55.8,188
L,300.6,330.037037,1484,41.0,213
L,300.6,326.7037037,2496,13.5,111
M,300.4,332.6296296,1595,35.4,15
H,298.9,330.037037,1243,63.0,163
L,300.3,331.1481481,1433,53.8,86
L,300.8,333.7407407,1524,43.5,71
M,302.0,334.1111111,1587,35.9,30
L,300.7,335.2222222,1635,32.4,213
H,298.7,323.0,1560,33.3,53
L,303.7,340.4074074,1406,48.6,183
H,303.8,338.5555556,1811,24.9,183
M,299.3,323.7407407,1448,52.1,71
M,301.8,331.8888889,1619,31.0,76
L,299.8,329.6666667,1654,32.7,159
H,302.4,334.4814815,1540,43.7,81
L,299.0,330.037037,1520,45.0,171
L,297.2,323.0,1462,51.2,102
M,298.8,323.7407407,1486,41.1,13
M,298.3,321.8888889,1630,32.7,83
H,300.9,331.8888889,1390,40.6,131
M,298.8,325.5925926,1559,34.7,95
M,297.8,327.8148148,1700,31.3,200
L,298.2,324.4814815,1498,36.0,39
L,301.6,332.2592593,1706,29.5,193
M,301.7,331.8888889,1516,40.4,48
M,300.3,333.3703704,1381,65.2,136
L,297.8,320.7777778,1761,28.9,128
H,298.9,329.2962963,1452,49.9,187
L,298.2,320.4074074,1688,32.4,91
L,302.7,337.8148148,1453,47.3,62
L,297.3,321.8888889,1458,45.7,202
H,300.7,331.5185185,1428,43.4,26
H,300.1,326.7037037,1563,40.8,28
L,299.4,326.3333333,1448,48.6,44
H,301.5,330.4074074,1580,35.7,161
L,304.2,341.5185185,1421,43.4,56
L,300.6,326.3333333,1409,38.7,115
M,297.3,324.1111111,1447,44.5,105
H,300.6,331.1481481,1448,44.7,55
M,303.5,337.8148148,1318,54.2,177
L,299.0,330.037037,1552,39.9,114
M,301.6,331.1481481,1924,23.6,181
L,297.1,321.8888889,1487,34.6,208
L,298.8,331.1481481,1651,33.3,0
L,301.0,336.7037037,1585,32.3,50
L,297.4,324.1111111,1429,57.4,96
M,300.2,326.7037037,1433,48.8,191
L,298.3,325.5925926,1387,52.3,160
L,301.0,332.2592593,1404,41.8,71
L,301.5,333.0,1426,52.1,121
M,298.1,322.2592593,1420,63.9,19
L,301.6,331.5185185,1424,50.5,214
L,299.9,327.4444444,1280,59.3,163
L,299.2,324.1111111,1325,51.0,171
M,299.6,332.2592593,1530,38.8,198
L,303.2,334.4814815,1507,39.2,225
L,299.8,325.962963,1572,35.4,158
L,300.5,328.5555556,1423,47.9,114
H,295.7,314.8518519,2161,16.5,105
L,302.3,333.3703704,1758,24.4,68
L,302.5,330.037037,1584,35.5,158
L,300.6,334.4814815,1419,38.6,31
L,300.7,331.8888889,1608,39.5,202
L,301.2,330.4074074,1381,49.8,115
L,300.2,328.1851852,1353,59.4,26
M,300.4,329.6666667,1671,30.5,234
L,300.1,334.1111111,1430,40.9,93
M,301.7,333.3703704,1413,42.6,79
L,299.5,325.5925926,1852,22.6,77
H,300.1,329.2962963,1426,42.7,64
M,303.7,339.2962963,1366,47.3,49
M,299.2,323.0,1856,22.7,86
L,298.6,328.1851852,1704,28.3,64
L,302.2,334.4814815,1427,43.8,88
M,301.1,333.0,1436,41.8,156
L,298.9,328.9259259,1559,33.4,58
L,297.2,322.6296296,1805,25.6,103
L,303.1,339.2962963,2329,15.1,113
M,302.7,338.1851852,1417,51.5,19
L,300.9,331.1481481,1350,53.8,131
H,303.9,340.4074074,1790,26.7,17
L,302.0,332.2592593,1663,31.5,81
L,299.6,325.2222222,1648,33.6,70
L,297.4,323.0,1571,39.4,0
M,298.6,328.5555556,1818,24.9,9
M,299.2,323.7407407,1586,35.7,138
H,302.9,337.4444444,1754,26.9,209
L,298.7,329.6666667,1717,27.3,26
L,300.3,330.037037,2158,16.8,32
L,296.9,321.5185185,1332,53.9,7
L,298.0,323.0,1432,46.2,11
L,299.3,324.1111111,1802,26.0,130
M,297.3,322.2592593,1846,24.5,41
L,300.6,332.2592593,1472,47.6,75
M,299.9,326.3333333,1452,41.9,106
H,298.2,324.4814815,1606,39.9,53
L,298.0,327.0740741,1496,45.8,46
M,300.1,334.1111111,1913,21.9,15
L,302.1,330.7777778,1696,30.9,107
H,303.3,338.1851852,1328,49.8,120
L,298.6,323.0,1562,34.4,25
H,300.5,331.1481481,1411,47.2,201
L,300.6,329.2962963,1541,42.0,23
L,297.5,322.6296296,1585,32.9,32
L,303.2,333.3703704,1363,46.7,29
L,301.4,332.6296296,1733,25.7,182
H,303.3,333.3703704,1607,31.7,34
M,300.3,334.8518519,1312,53.4,151
M,300.2,335.2222222,1555,37.4,169
L,301.3,330.4074074,1695,30.9,108
M,300.6,337.0740741,2174,18.5,95
L,299.0,329.2962963,1583,35.8,142
H,301.0,333.3703704,1602,32.7,19
L,300.7,327.0740741,1850,24.5,19
L,302.5,330.4074074,1488,48.4,134
L,299.1,324.1111111,1498,38.9,181
L,301.5,331.5185185,1466,43.6,56
M,299.9,326.7037037,1483,38.1,193
L,301.1,333.0,1450,43.3,168
L,299.3,325.5925926,1473,40.3,125
L,302.5,333.0,1538,36.8,208
L,300.9,334.8518519,1671,33.5,148
L,297.6,323.7407407,1382,47.1,11
M,299.7,332.6296296,1435,50.1,168
L,298.5,326.3333333,1590,33.9,107
M,303.0,337.8148148,1526,36.1,142
H,298.3,325.2222222,1379,43.2,0
M,303.7,337.8148148,1631,28.5,132
L,301.5,332.6296296,1494,45.3,99
L,297.4,324.8518519,1809,23.8,131
M,301.8,331.8888889,1691,33.4,62
M,298.9,328.5555556,1645,31.4,86
M,300.8,330.7777778,1330,59.0,190
L,299.4,325.2222222,1436,47.9,75
L,298.4,329.2962963,1926,23.7,83
L,303.8,340.7777778,1525,41.9,145
H,301.5,331.5185185,1599,40.4,72
L,301.4,330.7777778,1476,39.2,206
L,298.6,327.0740741,1483,43.2,92
M,298.1,320.4074074,1424,47.7,103
M,299.9,328.1851852,1625,41.2,109
L,301.9,332.6296296,1669,32.2,191
L,298.0,321.8888889,1819,23.4,78
L,300.7,329.6666667,1286,64.9,160
M,302.2,331.1481481,1346,49.2,134
L,299.8,325.962963,1479,44.4,214
M,298.8,328.5555556,1415,53.2,194
M,302.5,335.5925926,1566,37.6,54
M,300.2,333.7407407,1491,37.3,102
M,300.7,335.962963,1657,30.9,116
L,298.9,329.2962963,1823,26.1,131
M,299.0,328.1851852,2240,15.9,144
M,303.4,339.6666667,1307,54.3,68
L,297.8,323.0,1737,27.5,146
M,299.1,323.0,1330,53.6,62
L,302.4,329.2962963,2009,18.9,59
L,297.4,322.6296296,1561,38.3,0
M,300.2,334.1111111,1960,20.9,20
M,300.7,337.4444444,1430,47.2,131
M,296.9,321.1481481,1441,47.6,60
L,302.4,330.037037,1480,45.8,123
L,299.1,324.8518519,1686,29.6,108
M,302.0,333.3703704,1400,49.5,20
L,302.0,330.4074074,1450,46.6,165
M,299.8,326.3333333,1470,42.7,119
L,303.8,339.6666667,1619,35.7,182
L,301.2,331.1481481,1409,50.9,66
L,298.1,321.5185185,1697,31.0,164
H,298.8,327.8148148,1461,55.1,118
M,300.8,337.4444444,1535,40.3,71
M,301.3,332.6296296,1641,33.0,145
M,302.3,332.2592593,1742,29.7,137
M,297.4,323.3703704,1412,45.5,49
H,298.9,329.2962963,1324,54.6,185
M,299.0,331.1481481,1787,22.2,192
M,298.0,320.037037,1792,26.0,119
L,300.7,329.6666667,1642,32.6,26
L,303.3,334.1111111,1958,21.5,0
L,301.0,331.8888889,1375,57.2,20
L,303.7,336.7037037,1443,45.9,74
M,300.9,335.962963,1480,40.9,28
M,300.5,335.962963,1875,22.1,100
L,297.2,323.0,1605,30.0,183
M,298.3,327.4444444,1531,40.1,81
L,299.1,324.4814815,1320,67.5,20
M,297.7,325.962963,1700,27.4,176
M,301.3,331.8888889,1509,40.1,25
L,302.1,331.5185185,1359,49.3,41
L,298.2,326.7037037,1443,45.4,187
M,302.2,334.1111111,1538,37.4,37
L,297.2,323.3703704,1766,25.8,7
L,300.6,335.5925926,1539,37.0,187
M,299.9,325.962963,1683,30.5,13
M,302.3,332.6296296,1450,45.7,175
L,301.5,331.1481481,1490,48.1,81
L,301.4,331.5185185,1605,34.2,94
L,298.1,321.5185185,1456,42.4,59
M,296.8,321.1481481,1683,31.8,76
L,296.6,319.2962963,1631,35.0,168
L,300.7,331.8888889,1519,43.9,55
M,300.9,331.8888889,1402,48.1,22
L,299.6,327.0740741,1803,27.7,159
L,299.0,330.4074074,1365,49.1,226
L,298.3,324.8518519,1270,52.7,44
L,303.8,340.4074074,1309,55.8,193
M,303.8,338.5555556,1768,23.9,149
L,301.5,330.4074074,1918,21.8,9
L,299.8,330.4074074,1694,30.3,204
M,300.5,328.5555556,1780,26.5,101
M,297.6,324.1111111,1376,59.9,74
L,303.5,335.2222222,1959,22.3,157
L,298.1,321.1481481,2161,17.5,5
L,296.2,318.5555556,1445,41.8,20
L,298.3,328.9259259,1460,47.6,101
L,300.2,334.1111111,1891,22.6,86
L,298.3,321.8888889,1672,41.3,0
L,297.5,323.3703704,1306,50.7,38
L,296.3,318.9259259,1439,41.5,208
M,297.5,327.0740741,1448,43.7,46
L,297.8,325.2222222,1340,56.9,6
M,298.3,325.962963,1359,51.4,21
L,297.7,318.5555556,1518,35.8,195
M,304.3,341.8888889,2245,15.1,172
L,298.8,323.3703704,1395,44.4,33
L,298.6,328.5555556,1630,30.6,2
H,298.8,328.5555556,1526,42.1,30
L,300.8,335.5925926,1417,43.4,223
H,298.4,323.3703704,1398,47.1,122
L,301.9,330.037037,1972,21.3,67
M,298.2,325.2222222,1413,47.9,97
M,297.3,321.8888889,1370,58.8,199
H,298.1,323.0,1515,43.8,6
M,296.2,317.8148148,1516,37.6,25
M,300.6,328.9259259,1486,41.2,127
L,300.4,334.4814815,1441,44.6,96
L,301.1,333.0,1470,40.9,125
L,298.1,320.4074074,1495,48.1,111
H,298.2,324.1111111,1520,35.7,40
L,300.3,334.4814815,1446,45.0,82
L,295.8,315.962963,1493,40.5,90
L,300.7,331.8888889,1814,21.4,59
L,298.1,325.962963,1802,26.9,83
L,300.8,333.3703704,1430,54.4,85
L,299.7,327.4444444,1720,27.1,146
M,300.9,333.3703704,1472,40.0,93
L,298.1,323.0,1438,45.6,105
L,301.5,330.7777778,1389,54.9,187
L,300.5,334.8518519,1541,47.8,156
L,296.2,318.1851852,1413,53.4,203
L,302.3,332.2592593,1620,30.3,112
L,300.9,331.5185185,1389,50.0,214
L,301.9,332.6296296,1376,44.9,186
L,296.5,318.5555556,1481,38.2,160
L,302.0,332.2592593,1546,34.4,7
M,298.3,323.0,1444,47.5,178
M,298.1,328.9259259,1393,43.1,65
M,303.6,336.7037037,1627,32.5,7
M,300.5,330.4074074,1548,37.3,65
M,297.3,322.6296296,1341,51.9,51
L,300.4,334.8518519,1674,33.0,172
L,300.8,330.7777778,1482,39.0,47
L,302.0,331.1481481,1366,47.7,206
L,298.9,324.1111111,1558,41.2,110
H,303.7,338.9259259,1564,40.2,150
H,300.3,328.5555556,1394,46.7,210
L,298.2,321.8888889,1618,34.7,39
L,300.1,326.3333333,1841,23.0,125
L,300.7,331.8888889,1689,28.9,100
H,300.5,326.7037037,1360,46.2,93
L,300.4,333.0,2013,20.1,195
L,300.8,331.5185185,1589,34.3,144
H,301.8,328.5555556,1418,51.3,116
M,298.8,330.037037,1528,37.1,99
M,300.0,327.4444444,1477,38.1,13
L,300.1,334.4814815,1434,40.8,80
L,295.8,315.5925926,1399,47.6,84
L,303.1,338.5555556,1514,42.1,138
M,301.0,333.3703704,1521,35.8,13
M,300.8,333.7407407,1465,43.2,113
L,303.7,338.5555556,1466,42.5,183
L,302.1,333.7407407,1634,30.6,50
H,298.5,326.7037037,1671,31.8,108
L,298.6,323.0,1559,36.6,188
L,300.2,331.1481481,1431,42.3,113
L,303.7,340.037037,1753,29.0,42
M,298.9,322.2592593,1411,51.3,43
L,299.7,332.2592593,1384,48.2,188
L,298.3,325.962963,1383,52.1,26
M,300.5,335.962963,1511,44.5,30
M,300.8,336.3333333,1443,53.3,151
L,300.3,332.6296296,1613,34.7,142
L,299.7,329.6666667,1469,39.5,26
M,301.0,332.2592593,1510,44.5,66
L,297.5,323.3703704,1335,48.0,131
M,303.6,340.037037,1396,38.2,117
L,300.5,335.962963,1383,50.5,35
L,299.4,325.962963,1489,42.3,114
H,302.1,332.2592593,1452,42.5,198
L,296.2,317.8148148,1414,48.3,162
L,298.8,323.3703704,1444,42.2,83
L,298.4,323.7407407,1491,42.0,120
L,300.1,325.962963,1783,27.3,118
L,300.1,327.8148148,1680,33.8,140
L,302.8,338.5555556,1462,39.4,22
L,302.4,335.5925926,1727,26.5,213
M,301.7,331.8888889,1502,34.4,157
L,302.0,332.6296296,1686,32.5,25
L,300.8,335.5925926,1323,61.1,178
L,301.7,332.6296296,1546,43.0,23
L,300.9,332.2592593,1615,32.0,183
L,300.3,325.962963,1572,32.0,173
L,303.1,333.3703704,1399,49.2,111
L,298.6,322.2592593,1325,54.0,41
H,298.4,321.1481481,1605,31.0,18
L,299.2,323.3703704,1366,49.7,74
L,299.0,329.2962963,1447,42.8,104
L,301.9,332.6296296,1356,45.7,119
L,301.0,333.3703704,1467,45.4,36
H,297.3,321.1481481,1461,37.5,161
L,299.4,324.1111111,1681,30.8,171
M,298.9,329.2962963,1484,37.9,73
M,302.7,331.1481481,1349,51.2,6
M,300.4,335.2222222,1398,42.6,176
L,303.6,338.5555556,1540,39.8,21
L,301.3,330.037037,1555,41.2,131
L,300.5,328.5555556,1382,46.5,134
M,297.5,321.1481481,1544,37.9,136
L,300.6,328.5555556,1480,43.7,153
M,302.7,334.8518519,1501,38.8,171
M,303.5,339.6666667,1438,42.8,106
L,302.8,337.8148148,1529,36.8,237
H,296.8,321.5185185,1311,58.6,19
L,297.5,323.3703704,1448,54.3,83
H,302.2,334.8518519,1357,44.2,142
L,303.5,336.3333333,1441,56.8,88
M,297.8,318.5555556,1456,39.6,199
L,302.1,332.6296296,1740,30.8,182
M,299.6,325.2222222,1245,64.0,120
L,297.9,321.8888889,1393,50.3,193
L,303.5,336.7037037,1522,36.4,107
M,296.9,321.1481481,2010,18.9,86
L,302.3,331.8888889,1650,32.4,26
L,301.3,331.5185185,1504,47.2,74
L,297.6,323.7407407,1351,51.0,37
L,303.8,340.037037,1452,38.6,72
L,295.7,314.8518519,1458,40.6,103
M,301.1,334.8518519,1266,55.5,210
L,300.5,328.1851852,1305,51.7,202
M,300.7,327.0740741,1393,43.9,81
M,298.4,322.2592593,1610,35.0,24
L,297.9,323.7407407,1468,36.0,168
L,297.9,321.5185185,1501,36.7,4
M,299.8,333.0,1562,35.7,170
L,304.1,340.7777778,1569,35.8,146
M,297.4,323.0,1564,35.0,105
L,298.0,320.4074074,1422,45.6,140
M,298.1,320.4074074,1498,38.3,81
L,298.0,320.7777778,1623,29.9,24
M,303.9,340.7777778,1422,48.0,215
L,301.6,330.4074074,1517,41.1,167
M,299.0,329.6666667,1298,57.2,10
L,300.3,334.1111111,1343,57.7,142
L,297.3,323.0,1441,43.4,14
M,299.5,329.2962963,1659,31.5,44
M,300.1,326.7037037,1349,56.2,127
H,302.8,337.4444444,1483,47.2,223
L,298.0,321.8888889,1777,24.3,200
L,302.7,337.4444444,1421,48.5,0
L,298.8,327.8148148,1225,63.4,37
M,302.9,332.6296296,1556,36.5,44
M,298.7,329.2962963,1549,42.5,61
H,300.2,326.3333333,1506,35.6,63
L,300.4,327.8148148,1534,42.5,127
M,297.4,321.1481481,1627,34.3,166
L,295.6,314.8518519,1446,49.9,133
M,297.3,322.2592593,1452,38.2,44
L,303.0,333.3703704,1361,47.6,106
H,297.4,324.1111111,1623,33.8,127
H,301.5,331.5185185,1394,46.7,130
L,301.4,331.5185185,1989,21.8,19
H,300.6,330.4074074,1479,35.6,150
L,301.6,331.8888889,1355,57.8,195
L,298.4,321.1481481,2381,14.2,164
L,300.0,327.0740741,1675,30.2,11
H,298.1,327.0740741,1530,40.2,65
M,303.5,338.9259259,2116,16.7,45
H,296.8,321.5185185,1453,51.0,24
M,298.2,325.5925926,1651,28.8,186
L,303.7,337.4444444,1606,37.4,103
H,298.0,320.7777778,1314,47.8,19
L,297.4,322.6296296,1548,46.6,7
H,297.8,324.8518519,1650,32.2,195
L,298.5,321.8888889,1564,31.1,34
H,301.0,332.6296296,1640,37.6,118
L,301.1,330.7777778,1532,37.5,119
L,299.8,333.0,1466,46.1,58
L,302.4,329.6666667,1503,36.2,166
L,299.7,325.962963,1645,30.8,137
M,301.0,332.2592593,1359,53.4,180
L,298.9,323.7407407,1481,40.7,124
L,296.3,318.5555556,1291,58.6,29
L,304.1,342.2592593,1611,31.4,144
L,299.2,324.4814815,1542,39.2,179
H,299.0,330.7777778,1336,56.8,136
L,300.7,333.0,1426,46.2,97
M,297.5,323.7407407,1429,50.5,129
L,300.4,327.8148148,1314,50.2,179
L,298.8,328.1851852,1895,22.0,134
M,300.2,335.2222222,1597,39.5,68
M,301.4,332.6296296,1427,43.2,13
M,298.0,322.2592593,1466,42.6,2
L,302.4,335.5925926,1320,56.4,100
M,302.7,330.7777778,1880,22.7,207
M,299.9,325.962963,1574,36.5,177
M,301.8,333.0,1647,31.6,6
L,298.5,326.7037037,1360,60.9,187
L,298.2,324.8518519,1332,44.4,100
H,300.5,334.8518519,1351,53.5,78
H,298.6,327.0740741,1523,34.2,119
L,302.3,334.1111111,1511,34.7,75
H,297.7,324.8518519,1479,40.9,87
M,300.5,328.1851852,1566,35.9,204
L,301.7,332.2592593,1705,31.2,146
L,297.6,323.7407407,1553,40.5,135
L,299.8,326.7037037,1475,43.4,51
L,301.4,331.5185185,1673,27.8,181
L,299.1,322.2592593,1409,46.4,12
L,299.7,331.1481481,1675,31.3,129
L,302.0,328.9259259,1664,28.6,190
L,299.0,330.037037,1507,36.7,173
M,297.5,324.1111111,1363,53.6,194
L,300.7,331.1481481,1491,43.2,187
M,296.7,320.7777778,1286,60.5,0
L,296.6,319.2962963,1436,42.8,156
L,297.4,323.7407407,1635,30.5,159
L,302.6,334.8518519,1953,22.4,180
L,298.5,324.4814815,1305,58.7,26
L,296.2,317.0740741,1655,31.1,136
L,298.8,328.1851852,1508,36.3,69
M,302.1,328.9259259,1355,45.1,6
M,298.1,325.5925926,1448,52.5,150
L,299.4,331.1481481,1348,54.5,22
L,301.3,330.037037,1400,44.3,47
M,303.1,333.3703704,1489,44.5,27
M,300.1,333.0,1616,35.2,183
M,297.4,322.2592593,1536,34.6,4
L,297.2,321.8888889,1446,38.5,164
M,297.4,326.3333333,1499,36.8,88
L,301.7,332.6296296,1343,49.2,25
M,302.5,336.3333333,1591,29.4,192
M,298.5,322.2592593,1564,37.5,15
L,299.2,331.5185185,1535,42.6,17
H,300.6,335.962963,1604,30.5,45
M,297.2,322.6296296,1604,39.4,9
L,300.2,334.8518519,1446,47.3,66
L,300.6,329.2962963,1656,32.7,44
M,300.1,330.7777778,1329,57.4,99
L,303.8,338.9259259,1596,36.6,134
L,299.2,323.0,1445,43.5,224
L,302.4,329.2962963,1709,31.8,100
L,302.6,337.0740741,1695,27.1,32
M,301.7,331.8888889,1524,41.3,147
L,298.9,324.1111111,1572,34.1,80
L,298.5,322.6296296,1458,44.0,44
L,300.5,327.8148148,1589,30.5,198
M,302.0,327.8148148,1386,62.7,142
H,298.4,326.7037037,1512,35.3,51
M,298.2,321.5185185,1591,33.7,32
L,302.1,334.1111111,1889,22.7,194
H,298.3,327.4444444,1546,36.2,177
M,301.2,331.1481481,1576,39.6,109
L,299.3,323.3703704,1485,44.7,78
H,296.9,320.4074074,1656,30.8,181
L,296.7,321.5185185,1535,36.8,210
L,304.1,341.1481481,1415,50.0,184
H,299.8,327.0740741,1420,46.7,136
L,302.7,330.7777778,1520,39.3,73
L,300.4,335.5925926,2261,14.9,5
L,296.7,320.7777778,1382,47.5,37
L,297.9,325.5925926,1543,36.6,20
M,297.1,321.8888889,1823,24.3,219
L,302.6,330.7777778,1461,45.4,0
L,297.1,323.0,1543,39.6,205
L,297.8,328.1851852,1533,36.8,198
L,301.4,331.1481481,1648,30.7,90
L,299.8,328.9259259,1697,36.0,175
L,301.1,333.0,1889,23.8,170
L,303.9,340.7777778,1540,44.4,119
H,299.9,325.962963,1525,33.2,0
M,300.5,333.7407407,1507,43.4,41
L,297.0,322.6296296,1492,48.1,137
L,297.1,323.0,1422,42.1,148
L,299.4,324.1111111,1553,42.7,128
M,300.1,325.962963,1732,33.7,218
M,300.3,327.0740741,1320,62.2,142
M,301.0,333.3703704,1394,41.3,16
L,298.2,322.6296296,1230,59.6,162
L,298.1,325.2222222,1787,27.6,47
L,301.4,331.8888889,1680,31.4,185
H,300.5,331.1481481,1378,51.5,166
L,297.2,323.7407407,1917,24.1,54
M,302.1,334.1111111,1419,36.2,47
M,298.9,329.2962963,1513,41.5,80
L,297.6,327.0740741,1373,50.6,55
M,298.1,320.4074074,1435,40.9,147
M,300.5,326.3333333,1539,39.1,216
L,299.8,327.0740741,1476,44.4,14
M,300.5,334.1111111,2072,18.8,75
L,297.7,324.4814815,1354,50.2,103
L,298.0,319.6666667,1792,27.9,217
M,299.4,323.7407407,1455,42.7,183
M,300.9,331.8888889,1695,30.2,188
M,296.1,317.4444444,1951,23.3,38
L,297.2,321.1481481,1469,48.2,144
H,302.6,329.6666667,1873,21.3,87
H,302.6,335.2222222,1471,48.3,25
L,300.2,325.962963,1430,43.4,24
L,300.8,338.5555556,1422,50.0,117
H,296.9,320.7777778,1549,35.8,206
M,296.7,319.2962963,1540,38.7,45
L,299.6,327.0740741,1570,35.5,189
L,300.2,335.5925926,1379,51.0,46
L,299.0,324.4814815,1495,38.4,75
M,298.0,321.1481481,1750,26.6,67
L,300.4,327.4444444,1536,34.5,154
M,301.6,332.2592593,1575,40.1,139
L,301.3,330.7777778,1406,47.1,83
L,298.6,325.962963,1542,48.4,42
L,298.2,325.2222222,1377,57.8,8
M,298.5,321.5185185,1713,25.8,154
L,297.3,321.5185185,1420,46.5,73
L,303.9,340.4074074,1639,29.0,95
L,298.3,322.6296296,1597,32.4,69
L,302.3,335.5925926,1369,56.2,208
H,302.6,330.4074074,1409,53.3,52
L,296.9,321.5185185,1343,44.5,15
L,295.6,314.8518519,1569,35.1,140
M,299.3,325.5925926,1385,45.6,34
L,300.1,334.1111111,1446,40.6,147
L,299.6,331.1481481,1642,35.1,149
L,300.8,330.4074074,1570,35.2,23
M,303.0,337.8148148,1645,29.6,129
L,300.8,327.8148148,1461,44.3,158
M,300.9,331.8888889,1988,19.7,136
L,297.0,320.4074074,1867,22.8,118
L,300.4,327.0740741,1349,50.4,30
L,298.7,329.2962963,1401,45.3,67
L,298.8,325.2222222,1829,22.9,172
M,298.3,325.2222222,1802,27.5,71
M,301.3,331.5185185,1300,58.3,92
L,301.2,332.2592593,1467,37.1,153
H,301.9,332.6296296,1291,63.6,137
L,300.5,327.0740741,1653,27.6,62
M,297.7,324.8518519,1327,63.7,21
L,300.6,330.7777778,1642,29.9,100
H,299.1,328.9259259,1657,33.1,187
L,298.1,323.0,1335,40.2,109
M,302.1,333.0,1423,36.8,80
M,297.8,323.0,1479,43.5,143
L,300.7,327.4444444,1329,54.3,80
M,300.9,331.5185185,1696,27.3,76
L,299.0,330.7777778,1755,27.9,56
L,296.5,319.6666667,1340,59.1,89
M,303.5,340.037037,1902,21.6,60
L,302.3,335.5925926,1487,43.2,206
M,300.3,335.2222222,1236,57.5,12
L,298.0,321.8888889,1877,24.3,0
L,304.3,341.8888889,2643,12.7,21
L,301.5,332.2592593,1671,31.1,170
H,301.1,333.0,1618,29.5,160
M,298.5,327.4444444,1364,58.7,123
M,298.2,320.7777778,1578,34.5,127
M,303.4,335.5925926,1515,42.6,204
M,298.0,324.1111111,1614,30.7,106
L,300.6,329.2962963,1495,42.3,132
L,301.3,331.5185185,1608,31.4,86
L,301.4,331.5185185,1376,50.6,25
L,297.4,322.6296296,1571,37.7,162
L,297.0,320.7777778,1521,40.2,190
L,297.7,326.7037037,1392,44.1,140
L,299.1,329.2962963,1336,61.3,94
M,299.1,329.2962963,1649,31.6,41
L,303.4,337.4444444,1502,36.0,69
L,297.3,322.2592593,1446,53.5,7
M,301.4,330.7777778,1217,60.6,103
M,296.1,318.1851852,1433,38.5,14
M,298.1,324.8518519,1323,51.7,88
L,302.5,334.4814815,1677,29.2,49
M,298.6,328.9259259,1512,37.5,27
L,300.3,334.1111111,1346,51.1,147
M,298.9,323.3703704,1456,50.0,156
L,299.7,333.0,1554,41.0,192
M,300.2,326.7037037,1456,48.8,205
M,297.4,324.8518519,1376,39.0,181
L,300.6,327.8148148,1639,30.4,121
L,297.5,324.1111111,1456,44.7,29
H,297.3,324.1111111,1438,46.2,16
L,302.3,332.2592593,1379,49.3,34
M,295.5,314.1111111,1641,36.6,21
L,301.5,333.0,1602,34.3,100
H,303.0,337.0740741,1624,28.8,117
L,299.1,330.7777778,1437,43.1,40
L,299.5,331.5185185,1589,33.5,5
L,299.4,324.1111111,1525,39.0,90
L,297.8,320.7777778,1452,39.8,21
M,301.7,331.1481481,1505,44.5,146
M,301.0,334.8518519,1454,40.0,140
L,298.4,325.962963,2118,17.7,210
M,297.7,324.8518519,1681,28.3,116
L,302.4,329.6666667,1445,46.4,125
M,299.9,328.9259259,1484,42.1,182
H,298.4,326.3333333,1984,19.2,132
L,299.2,323.0,1402,47.7,24
M,300.1,333.7407407,1518,40.2,130
L,300.8,337.8148148,1493,39.1,79
L,296.6,321.5185185,1978,22.3,208
L,301.4,330.4074074,1579,36.9,133
M,302.8,337.0740741,1452,50.3,60
L,299.5,324.8518519,1520,38.3,122
M,298.0,321.5185185,1620,29.4,75
L,300.6,329.6666667,1648,31.7,46
L,297.4,323.3703704,1569,34.2,72
L,301.5,331.8888889,1500,41.0,118
L,303.4,335.5925926,1499,45.0,16
M,297.6,324.1111111,1392,41.2,178
L,300.5,335.962963,1403,45.7,54
M,298.7,325.962963,1423,48.9,187
H,302.5,332.2592593,1356,55.5,101
H,300.2,334.1111111,1506,36.1,141
L,303.8,340.4074074,2497,13.0,5
L,301.8,328.9259259,1493,40.3,185
L,297.5,322.2592593,1419,48.5,108
L,302.0,328.1851852,1649,31.0,152
M,298.6,325.5925926,1339,51.1,34
L,297.6,321.8888889,1437,46.3,149
M,300.4,325.962963,1528,37.2,228
L,296.8,321.5185185,1584,40.4,227
M,298.8,329.2962963,1585,31.3,147
L,300.0,327.4444444,1618,28.7,53
L,297.3,321.1481481,1417,41.8,186
H,300.3,328.5555556,1509,46.6,125
L,297.6,323.7407407,2384,14.4,171
M,303.8,338.9259259,1555,33.4,128
H,299.0,324.1111111,1940,19.9,98
M,301.2,329.2962963,1558,32.6,34
M,300.8,330.037037,1458,43.4,0
L,303.5,337.4444444,1584,35.2,74
M,299.1,324.8518519,1325,48.4,220
L,299.9,329.6666667,1479,46.3,173
L,301.9,331.5185185,1429,51.0,76
L,298.8,327.8148148,1609,40.4,169
L,301.9,333.3703704,1435,44.2,16
M,303.0,332.6296296,1409,41.7,120
M,300.0,327.4444444,1491,42.0,29
M,302.7,336.3333333,1944,21.4,71
L,298.4,325.5925926,1362,46.1,37
L,301.1,333.7407407,1498,37.6,11
L,298.2,324.4814815,1362,57.3,28
L,302.3,334.1111111,1434,40.3,133
L,296.9,320.7777778,1653,29.7,137
L,298.7,328.1851852,1181,65.9,203
L,300.1,334.4814815,1499,43.4,65
L,299.6,332.2592593,1487,42.5,164
L,296.9,320.037037,1452,45.7,122
M,304.2,341.8888889,1390,47.8,83
M,297.4,321.1481481,1338,48.5,158
M,301.3,331.8888889,1418,45.4,59
M,304.0,341.5185185,1389,45.8,123
M,297.7,322.2592593,1370,53.4,162
M,299.2,324.4814815,1700,33.5,185
M,300.9,333.7407407,1603,31.8,190
L,298.1,322.2592593,1482,37.9,17
L,300.8,332.6296296,1578,44.4,86
M,303.4,337.0740741,1972,23.5,59
L,298.2,322.6296296,1400,48.7,194
L,300.9,333.3703704,1789,25.5,114
M,296.4,318.5555556,2071,19.4,183
L,302.9,337.4444444,1515,40.8,183
M,300.5,335.2222222,1269,64.0,87
H,302.2,333.7407407,1758,26.4,4
M,303.3,338.5555556,1482,44.4,73
L,297.5,322.6296296,1388,48.6,27
L,299.5,326.7037037,1390,58.8,195
L,298.3,326.7037037,1546,36.1,94
M,301.7,333.0,1506,39.5,158
H,301.6,333.3703704,1395,46.8,95
L,296.8,320.037037,1434,48.3,138
L,299.6,325.962963,1450,43.1,160
M,300.7,331.1481481,1439,41.7,184
L,301.0,332.2592593,1450,45.9,35
L,303.3,334.1111111,1497,46.0,234
L,298.9,324.1111111,1564,34.1,99
L,296.8,320.7777778,1373,42.9,74
L,302.9,338.1851852,1683,32.1,85
M,298.5,324.4814815,1557,36.0,21
H,303.0,338.1851852,1507,37.9,163
L,298.9,323.3703704,1580,39.1,119
M,300.6,327.4444444,1503,38.4,68
M,299.3,331.1481481,1609,31.4,99
L,303.7,338.1851852,1670,26.1,139
L,298.8,329.2962963,1607,39.5,105
L,297.4,323.0,1588,32.5,207
M,298.3,321.5185185,1463,42.5,190
M,299.1,323.7407407,1441,36.2,169
M,300.4,328.5555556,1415,31.8,192
L,299.1,329.2962963,1373,55.6,108
L,300.7,331.5185185,1333,61.0,177
L,299.5,326.3333333,1520,42.3,149
M,300.8,329.6666667,1304,52.5,157
L,300.5,336.3333333,1558,36.7,113
L,304.1,340.4074074,1666,34.6,33
L,299.1,328.9259259,1367,56.3,203
L,300.6,330.4074074,1608,39.2,221
M,300.1,330.037037,1350,48.8,50
M,298.6,327.8148148,1314,49.7,136
M,301.8,332.6296296,1839,23.6,30
H,297.9,319.2962963,1604,36.1,225
M,297.2,323.7407407,1513,39.0,78
L,297.4,323.0,1378,39.9,63
L,298.5,328.1851852,1593,35.1,203
L,303.7,338.9259259,1540,44.8,196
L,303.7,338.1851852,1397,45.7,187
L,300.9,331.5185185,1573,31.2,2
L,303.6,337.0740741,1696,30.7,5
L,301.7,333.7407407,1708,30.5,77
M,301.6,331.1481481,1599,36.1,208
L,302.1,334.1111111,1446,39.7,95
L,302.7,333.0,1730,28.1,135
M,298.4,329.2962963,1335,57.8,96
H,301.6,328.5555556,1423,53.6,95
M,304.1,341.1481481,1680,29.3,158
L,297.8,323.0,2129,19.2,148
M,297.0,321.8888889,1355,51.4,76
L,298.7,327.4444444,1665,31.1,178
L,300.7,332.6296296,1336,53.3,68
M,303.9,340.7777778,1630,29.3,104
H,303.0,337.8148148,1627,37.1,168
L,303.5,338.9259259,1393,49.3,82
L,297.4,323.3703704,1496,36.4,126
L,302.2,335.2222222,1556,38.6,145
L,303.7,337.4444444,1375,46.2,98
L,303.5,335.962963,1405,45.6,10
L,298.3,321.1481481,1766,26.5,145
M,301.8,332.2592593,1881,20.9,23
M,298.1,326.3333333,1752,25.2,77
L,304.0,340.7777778,1584,38.7,104
M,300.5,331.1481481,1621,32.0,184
L,300.4,333.3703704,1472,37.3,187
L,301.3,333.7407407,1474,50.7,10
M,303.0,333.3703704,1519,38.0,139
L,300.5,330.7777778,1564,38.2,199
L,303.9,340.037037,1480,39.9,176
H,298.6,324.4814815,1566,39.1,36
L,303.0,333.3703704,1341,51.0,174
L,302.0,328.9259259,1449,48.8,181
L,302.9,337.0740741,1340,57.8,90
L,297.2,322.6296296,1693,28.0,188
L,302.3,332.6296296,1329,51.5,154
M,300.9,334.1111111,1532,41.5,126
H,296.4,319.2962963,1586,35.5,0
L,303.1,333.7407407,1657,31.8,217
M,300.6,328.9259259,1302,62.9,87
L,297.3,323.0,1488,37.4,69
L,299.0,329.6666667,1377,62.5,92
L,300.4,335.5925926,1272,59.2,198
M,300.6,331.5185185,1457,36.7,193
M,300.8,331.5185185,1386,42.1,170
L,300.2,329.6666667,1440,42.9,191
M,298.6,328.9259259,1681,35.5,44
L,300.1,328.1851852,1506,35.2,21
L,301.9,332.2592593,1597,36.9,50
L,302.9,333.0,1556,45.3,135
L,299.9,328.1851852,1477,47.7,112
M,299.2,323.3703704,1594,35.8,160
H,295.6,314.8518519,1414,42.5,69
L,302.1,331.5185185,1325,45.1,208
M,296.8,321.8888889,1843,24.2,212
M,298.2,325.2222222,1723,26.6,168
L,302.1,334.1111111,1391,49.2,52
L,296.5,319.2962963,1292,52.5,62
L,302.5,335.962963,1401,44.9,203
L,300.5,334.1111111,1709,32.3,64
M,302.3,332.2592593,1523,43.2,210
M,297.4,323.3703704,1497,36.4,56
M,304.2,340.7777778,1380,48.7,17
M,298.1,323.7407407,1716,30.7,119
M,297.5,321.5185185,1430,44.5,178
M,298.7,322.6296296,1349,46.6,74
L,302.4,334.8518519,1622,35.0,68
L,297.8,318.5555556,1880,23.0,176
L,298.8,327.8148148,1582,45.0,11
M,301.0,337.0740741,1499,41.5,140
L,299.5,326.3333333,1333,54.1,147
M,303.3,335.5925926,1548,33.5,75
H,300.5,333.3703704,1397,45.2,2
M,300.1,325.962963,1385,46.1,120
L,300.4,329.2962963,1544,41.9,184
M,299.4,325.5925926,1500,43.3,10
L,302.2,335.5925926,1981,21.8,36
L,296.3,318.1851852,1662,32.9,190
L,301.3,332.2592593,1760,23.9,76
H,301.5,331.5185185,1790,26.2,8
L,302.4,332.6296296,1338,67.6,194
L,298.1,319.6666667,1684,33.1,200
L,299.4,325.962963,1444,48.2,24
L,299.2,325.5925926,1387,48.7,4
M,302.3,334.4814815,1445,44.8,65
L,300.1,327.4444444,1541,37.0,96
L,301.5,329.2962963,1639,33.4,47
L,302.1,333.3703704,1492,45.0,162
L,301.5,331.1481481,1578,34.1,120
L,302.1,333.7407407,1521,31.5,202
M,300.2,334.8518519,1533,46.4,24
L,299.2,329.6666667,1697,30.6,12
M,301.3,330.4074074,1577,48.3,78
H,300.5,328.5555556,1397,45.9,210
H,300.7,337.0740741,1335,49.0,62
M,302.3,335.2222222,1535,38.3,5
L,301.6,332.2592593,1559,40.2,191
L,298.2,325.5925926,1467,44.5,80
L,298.9,324.4814815,1529,32.7,53
M,297.8,322.6296296,1567,35.6,131
M,295.5,313.7407407,1518,44.1,194
M,300.6,334.8518519,1630,31.8,52
L,299.6,327.0740741,1453,41.4,168
H,299.9,327.4444444,1410,51.2,98
L,298.8,328.5555556,1482,39.1,45
L,301.5,331.1481481,1519,40.7,208
L,300.2,326.7037037,1981,21.4,44
H,298.5,326.3333333,1421,50.3,124
L,299.8,326.7037037,2256,15.9,201
M,303.8,338.1851852,1366,45.1,143
M,299.9,330.7777778,1576,39.4,183
L,297.1,323.0,1550,37.0,167
L,302.0,332.2592593,1378,53.1,212
L,298.0,322.2592593,1459,42.1,146
M,301.2,332.6296296,1424,41.4,131
L,296.4,319.2962963,1403,48.4,70
L,299.1,328.1851852,1398,55.4,217
M,300.6,326.7037037,1521,37.2,90
M,301.3,332.6296296,1410,52.7,161
M,304.2,341.8888889,1532,41.3,161
L,300.8,331.1481481,1416,42.2,225
L,300.7,337.8148148,1590,37.9,98
L,300.6,326.7037037,1468,44.1,76
H,303.5,337.4444444,1386,49.0,35
H,299.9,333.3703704,1495,35.8,175
M,299.0,326.7037037,1561,37.3,70
M,297.1,323.0,1588,33.4,204
L,298.7,327.4444444,1502,46.7,198
L,302.3,333.7407407,1324,47.8,131
H,297.9,324.8518519,1416,39.6,45
M,298.5,327.4444444,1492,41.7,100
L,297.5,326.7037037,1318,58.2,146
M,299.4,328.5555556,1567,40.6,87
L,298.8,323.7407407,1680,29.4,95
L,297.1,323.3703704,1712,32.1,48
L,297.2,324.1111111,1509,39.3,66
M,297.7,323.3703704,1559,35.2,127
L,297.0,321.1481481,1635,31.6,147
L,299.2,324.1111111,1650,30.5,93
L,303.5,337.8148148,1284,70.6,94
M,303.1,337.8148148,1378,50.1,104
L,297.7,324.1111111,1829,24.9,17
L,302.7,334.4814815,1494,41.4,149
L,300.2,327.8148148,1678,30.5,142
L,301.6,331.1481481,2103,19.7,12
L,298.4,326.3333333,1542,35.4,208
L,298.2,326.3333333,1355,43.8,142
H,298.8,325.962963,1306,54.5,50
M,302.5,330.4074074,1451,53.6,194
L,300.7,331.8888889,1475,42.0,147
L,301.2,332.6296296,1761,29.1,195
L,300.5,335.962963,1750,28.3,207
L,300.5,334.8518519,1744,26.8,94
L,299.2,323.0,1580,32.6,142
L,297.4,323.3703704,1782,25.9,54
M,303.7,338.9259259,1532,42.7,194
M,301.6,331.1481481,1691,30.1,40
L,303.5,337.8148148,1503,36.5,191
M,298.1,324.4814815,1433,48.2,62
L,300.2,334.4814815,1495,38.5,69
M,299.8,328.9259259,1460,37.1,169
M,298.9,326.3333333,1581,30.7,65
L,302.6,329.6666667,1325,62.4,92
M,296.9,321.5185185,1409,50.7,43
M,298.6,329.2962963,1596,33.0,15
H,298.0,320.037037,1420,45.8,150
M,297.3,323.7407407,1431,53.0,160
L,299.7,325.962963,1478,38.8,199
H,299.7,325.962963,1554,41.6,62
M,299.9,325.5925926,1513,43.8,188
M,299.0,328.9259259,1488,46.3,198
L,298.7,323.3703704,1544,35.2,159
L,298.0,322.2592593,1357,48.2,7
H,296.4,319.6666667,1596,35.1,75
L,299.7,327.4444444,1321,53.4,166
M,303.4,334.8518519,1425,45.4,184
L,300.7,327.0740741,1461,49.9,0
M,299.3,323.3703704,1386,42.2,30
L,301.5,330.7777778,1453,44.2,129
H,298.9,327.4444444,1546,35.3,190
L,298.9,324.1111111,1546,43.4,114
L,304.4,342.2592593,1585,38.9,9
L,296.2,318.5555556,1382,52.0,201
M,300.4,334.1111111,1355,56.2,122
L,297.4,324.4814815,1538,41.2,126
L,300.9,330.4074074,1536,34.2,45
L,300.6,326.7037037,1474,40.7,87
L,299.0,329.6666667,1690,30.7,244
L,296.5,320.037037,1512,43.6,92
L,300.5,330.4074074,1761,26.5,12
H,298.2,325.2222222,1360,56.8,107
M,298.6,322.2592593,1488,44.0,43
L,296.5,320.037037,1431,45.2,90
M,302.3,335.2222222,1517,37.6,124
M,299.5,325.2222222,1399,49.7,207
L,299.7,325.962963,1781,29.6,201
L,302.7,330.7777778,1351,41.8,10
L,298.0,328.5555556,1403,47.7,43
L,303.6,337.8148148,1388,41.9,221
L,301.0,331.5185185,1727,34.5,127
L,296.1,316.7037037,1409,42.8,134
L,302.7,333.0,1440,39.5,146
H,300.3,334.4814815,1464,41.0,29
L,301.7,333.3703704,1517,42.4,113
L,298.7,327.8148148,1462,46.8,4
